,NISCode,NameFre,NameDut,NameGer,TransactionType,ParcelNature,ParcelsNumber,PriceP25,PriceP50,PriceP75,ParcelsAreaP25,ParcelsAreaP50,ParcelsAreaP75
0,2000,Région flamande,Vlaams Gewest,Flämische Region,CESSION,1,564.0,5831.72,17714.33,41961.24,1565.0,3258.0,6071.5
1,2000,Région flamande,Vlaams Gewest,Flämische Region,CESSION,2,252.0,6500.0,16666.67,33335.0,1890.0,4210.0,8111.5
2,2000,Région flamande,Vlaams Gewest,Flämische Region,CESSION,3,52.0,7000.0,20000.0,94000.0,1533.5,2685.5,4599.5
3,2000,Région flamande,Vlaams Gewest,Flämische Region,CESSION,4,85.0,522.9,16000.0,31000.0,169.0,355.0,720.0
8,2000,Région flamande,Vlaams Gewest,Flämische Region,CESSION,9,77.0,1600.0,4609.75,5000.0,970.0,2118.0,4636.0
9,2000,Région flamande,Vlaams Gewest,Flämische Region,CESSION,10,37.0,115175.0,115175.0,115175.0,638.0,1134.0,2130.0
51,2000,Région flamande,Vlaams Gewest,Flämische Region,CESSION,70,406.0,15625.0,50800.0,145000.0,42.0,169.0,1015.0
59,2000,Région flamande,Vlaams Gewest,Flämische Region,CESSION,78,185.0,95000.0,160000.0,270000.0,472.0,726.0,1120.0
69,2000,Région flamande,Vlaams Gewest,Flämische Region,CESSION,200,1910.0,97500.0,200000.0,310000.0,233.0,477.0,869.0
72,2000,Région flamande,Vlaams Gewest,Flämische Region,CESSION,203,18.0,17000.0,40000.0,62914.0,45.0,222.5,1288.0
73,2000,Région flamande,Vlaams Gewest,Flämische Region,CESSION,204,45.0,2000.0,72750.0,116000.0,21.0,90.0,177.5
78,2000,Région flamande,Vlaams Gewest,Flämische Region,CESSION,222,31.0,168000.0,182500.0,430000.0,161.0,271.0,510.0
80,2000,Région flamande,Vlaams Gewest,Flämische Region,CESSION,240,32.0,84975.0,120000.0,325000.0,996.5,2279.0,3777.0
87,2000,Région flamande,Vlaams Gewest,Flämische Region,CESSION,247,17.0,28000.0,30000.0,126666.0,757.0,1546.0,5008.0
93,2000,Région flamande,Vlaams Gewest,Flämische Region,CESSION,265,26.0,275000.0,350000.0,2100000.0,350.0,1098.0,2711.0
136,2000,Région flamande,Vlaams Gewest,Flämische Region,CESSION,371,33.0,125000.0,176000.0,205493.48,271.0,1236.0,2055.0
137,2000,Région flamande,Vlaams Gewest,Flämische Region,CESSION,372,9.0,5817.5,5817.5,5817.5,25.0,83.0,227.0
155,2000,Région flamande,Vlaams Gewest,Flämische Region,CESSION,407,65.0,100000.0,185000.0,300000.0,154.0,293.0,549.0
161,2000,Région flamande,Vlaams Gewest,Flämische Region,CESSION,413,5.0,65000.0,65000.0,65000.0,383.0,650.0,1464.0
203,2000,Région flamande,Vlaams Gewest,Flämische Region,CESSION,503,13.0,20000.0,27500.0,100000.0,155.0,937.0,1438.0
230,2000,Région flamande,Vlaams Gewest,Flämische Region,CESSION,539,25.0,19200.0,19200.0,19200.0,75.5,363.5,1622.0
231,2000,Région flamande,Vlaams Gewest,Flämische Region,CESSION,540,74.0,16000.0,19375.0,22750.0,92.0,233.0,835.0
315,2000,Région flamande,Vlaams Gewest,Flämische Region,COMMUNAUTE,200,5982.0,7827.75,7827.75,7827.75,256.0,510.0,888.0
492,2000,Région flamande,Vlaams Gewest,Flämische Region,DONATIMMEUB,1,2049.0,12500.0,60150.0,167310.0,2040.0,4035.0,7857.0
493,2000,Région flamande,Vlaams Gewest,Flämische Region,DONATIMMEUB,2,800.0,24300.0,125000.0,200000.0,2237.5,4377.0,8963.0
494,2000,Région flamande,Vlaams Gewest,Flämische Region,DONATIMMEUB,3,173.0,1655.0,5130.5,8606.0,1850.0,3320.0,5035.0
495,2000,Région flamande,Vlaams Gewest,Flämische Region,DONATIMMEUB,4,161.0,8000.0,61750.0,150000.0,212.0,431.0,717.0
500,2000,Région flamande,Vlaams Gewest,Flämische Region,DONATIMMEUB,9,134.0,8000.0,10491.0,13470.75,1540.0,3267.0,6480.0
501,2000,Région flamande,Vlaams Gewest,Flämische Region,DONATIMMEUB,10,92.0,135000.0,150000.0,175000.0,852.0,1581.5,3400.5
517,2000,Région flamande,Vlaams Gewest,Flämische Region,DONATIMMEUB,33,63.0,900.0,900.0,900.0,310.0,521.0,945.0
519,2000,Région flamande,Vlaams Gewest,Flämische Region,DONATIMMEUB,35,33.0,40000.0,70000.0,100000.0,421.0,1220.0,1829.0
543,2000,Région flamande,Vlaams Gewest,Flämische Region,DONATIMMEUB,70,227.0,100000.0,149500.0,230000.0,260.0,680.0,1402.0
551,2000,Région flamande,Vlaams Gewest,Flämische Region,DONATIMMEUB,78,459.0,120000.0,162260.0,220000.0,499.0,710.0,1000.0
557,2000,Région flamande,Vlaams Gewest,Flämische Region,DONATIMMEUB,164,7.0,395517.0,537758.5,680000.0,220.0,335.0,611.0
561,2000,Région flamande,Vlaams Gewest,Flämische Region,DONATIMMEUB,200,3036.0,200000.0,289500.0,360000.0,300.0,638.0,1090.0
564,2000,Région flamande,Vlaams Gewest,Flämische Region,DONATIMMEUB,203,39.0,62500.0,90000.0,107500.0,48.0,285.0,922.0
565,2000,Région flamande,Vlaams Gewest,Flämische Region,DONATIMMEUB,204,109.0,25000.0,87500.0,250000.0,18.0,41.5,300.5
570,2000,Région flamande,Vlaams Gewest,Flämische Region,DONATIMMEUB,222,98.0,283500.0,340000.0,531000.0,196.0,310.0,569.0
572,2000,Région flamande,Vlaams Gewest,Flämische Region,DONATIMMEUB,240,104.0,270000.0,300000.0,450000.0,1523.0,2761.0,5422.5
576,2000,Région flamande,Vlaams Gewest,Flämische Region,DONATIMMEUB,244,11.0,10000.0,10000.0,10000.0,897.5,1893.0,3427.0
579,2000,Région flamande,Vlaams Gewest,Flämische Region,DONATIMMEUB,247,86.0,207495.0,207495.0,207495.0,107.0,647.0,1698.0
583,2000,Région flamande,Vlaams Gewest,Flämische Region,DONATIMMEUB,263,5.0,650000.0,650000.0,650000.0,936.0,1150.0,1523.0
585,2000,Région flamande,Vlaams Gewest,Flämische Region,DONATIMMEUB,265,7.0,125000.0,519399.37,750000.0,183.0,971.0,3429.0
628,2000,Région flamande,Vlaams Gewest,Flämische Region,DONATIMMEUB,371,24.0,133000.0,200000.0,275000.0,481.5,1502.0,3397.5
647,2000,Région flamande,Vlaams Gewest,Flämische Region,DONATIMMEUB,407,134.0,175000.0,267000.0,410000.0,140.0,284.0,630.0
695,2000,Région flamande,Vlaams Gewest,Flämische Region,DONATIMMEUB,503,29.0,18500.0,55000.0,92250.0,223.0,1359.0,2347.0
722,2000,Région flamande,Vlaams Gewest,Flämische Region,DONATIMMEUB,539,51.0,128000.0,155000.0,280000.0,235.0,884.0,2483.0
723,2000,Région flamande,Vlaams Gewest,Flämische Region,DONATIMMEUB,540,58.0,5175.0,114537.5,223900.0,421.0,1367.5,8076.0
738,2000,Région flamande,Vlaams Gewest,Flämische Region,OTHER,1,696.0,10000.0,15075.0,63500.0,1050.0,2855.0,6294.5
739,2000,Région flamande,Vlaams Gewest,Flämische Region,OTHER,2,303.0,5000.0,11500.0,18000.0,1472.0,2876.0,6240.0
741,2000,Région flamande,Vlaams Gewest,Flämische Region,OTHER,4,241.0,4222.5,8600.0,505000.0,102.0,420.0,800.0
746,2000,Région flamande,Vlaams Gewest,Flämische Region,OTHER,9,66.0,2659000.0,2659000.0,2659000.0,705.0,2882.0,6023.0
748,2000,Région flamande,Vlaams Gewest,Flämische Region,OTHER,11,17.0,4500.0,25550.0,46600.0,3875.0,4150.0,18093.0
765,2000,Région flamande,Vlaams Gewest,Flämische Region,OTHER,35,20.0,350.0,350.0,350.0,192.0,1220.0,2670.0
776,2000,Région flamande,Vlaams Gewest,Flämische Region,OTHER,50,20.0,25000.0,25000.0,25000.0,24.0,1068.0,3094.0
789,2000,Région flamande,Vlaams Gewest,Flämische Region,OTHER,70,860.0,3975.0,30700.0,145250.0,135.5,441.0,1191.0
797,2000,Région flamande,Vlaams Gewest,Flämische Region,OTHER,78,1200.0,2475.0,28700.0,175000.0,280.0,469.0,764.0
803,2000,Région flamande,Vlaams Gewest,Flämische Region,OTHER,164,144.0,100000.0,292500.0,592000.0,372.0,826.0,2105.0
807,2000,Région flamande,Vlaams Gewest,Flämische Region,OTHER,200,3038.0,114000.0,243450.0,350000.0,262.0,508.0,928.0
810,2000,Région flamande,Vlaams Gewest,Flämische Region,OTHER,203,51.0,250.0,500.0,600000.0,169.0,407.0,1122.0
816,2000,Région flamande,Vlaams Gewest,Flämische Region,OTHER,222,163.0,49366.68,49366.68,49366.68,130.0,251.0,400.0
818,2000,Région flamande,Vlaams Gewest,Flämische Region,OTHER,240,62.0,25000.0,125000.0,600000.0,1492.0,2505.0,6089.0
825,2000,Région flamande,Vlaams Gewest,Flämische Region,OTHER,247,50.0,1000.0,5400.0,351669.6,285.0,871.0,1787.0
827,2000,Région flamande,Vlaams Gewest,Flämische Region,OTHER,261,18.0,369842.04,369842.04,369842.04,1098.0,1387.0,4114.0
829,2000,Région flamande,Vlaams Gewest,Flämische Region,OTHER,263,9.0,13881.0,80000.0,1520000.0,1050.0,1760.0,1955.0
831,2000,Région flamande,Vlaams Gewest,Flämische Region,OTHER,265,29.0,593100.0,593100.0,593100.0,678.0,2597.5,8039.5
872,2000,Région flamande,Vlaams Gewest,Flämische Region,OTHER,357,11.0,100000.0,100000.0,100000.0,3529.0,5387.0,7919.0
874,2000,Région flamande,Vlaams Gewest,Flämische Region,OTHER,371,84.0,370972.315,3045972.315,6377667.735,912.0,2400.0,4802.0
875,2000,Région flamande,Vlaams Gewest,Flämische Region,OTHER,372,23.0,50.0,10601.5,180000.0,9.0,14.0,29.0
888,2000,Région flamande,Vlaams Gewest,Flämische Region,OTHER,402,27.0,5781404.92,5781404.92,5781404.92,428.0,1145.5,2445.0
892,2000,Région flamande,Vlaams Gewest,Flämische Region,OTHER,406,6.0,100000.0,100000.0,100000.0,165.0,1173.0,1453.0
893,2000,Région flamande,Vlaams Gewest,Flämische Region,OTHER,407,230.0,40000.0,167500.0,340000.0,168.0,315.0,612.0
894,2000,Région flamande,Vlaams Gewest,Flämische Region,OTHER,408,14.0,950650.0,1023657.0,1096664.0,826.0,1813.5,2731.0
899,2000,Région flamande,Vlaams Gewest,Flämische Region,OTHER,413,19.0,64500.0,500000.0,2250000.0,1626.0,2396.0,3632.0
920,2000,Région flamande,Vlaams Gewest,Flämische Region,OTHER,443,10.0,433920.6,8468412.355,16502904.11,3704.0,5731.5,9446.0
927,2000,Région flamande,Vlaams Gewest,Flämische Region,OTHER,463,5.0,225000.0,1029278.0,1833556.0,145.0,310.0,730.0
939,2000,Région flamande,Vlaams Gewest,Flämische Region,OTHER,501,5.0,33.0,33.0,33.0,3229.0,13929.0,15288.0
941,2000,Région flamande,Vlaams Gewest,Flämische Region,OTHER,503,31.0,90000.0,149800.0,174519.8,250.0,475.0,1425.0
968,2000,Région flamande,Vlaams Gewest,Flämische Region,OTHER,539,124.0,5000.0,12500.0,115642.86,50.0,490.0,2148.0
969,2000,Région flamande,Vlaams Gewest,Flämische Region,OTHER,540,147.0,6562.5,14900.0,118025.93,50.0,237.0,796.0
980,2000,Région flamande,Vlaams Gewest,Flämische Region,OTHER,552,86.0,152500.0,152500.0,152500.0,232.0,382.5,876.0
984,2000,Région flamande,Vlaams Gewest,Flämische Region,PARTAGE,1,286.0,1600.0,10508.75,46400.0,1340.0,3547.5,6730.0
985,2000,Région flamande,Vlaams Gewest,Flämische Region,PARTAGE,2,122.0,135000.0,135000.0,135000.0,1771.0,3289.0,7026.0
986,2000,Région flamande,Vlaams Gewest,Flämische Region,PARTAGE,3,12.0,29576.0,29576.0,29576.0,1024.5,2380.5,6852.5
987,2000,Région flamande,Vlaams Gewest,Flämische Region,PARTAGE,4,25.0,150000.0,150000.0,150000.0,313.0,448.0,620.0
992,2000,Région flamande,Vlaams Gewest,Flämische Region,PARTAGE,9,26.0,4375.0,14687.5,25000.0,1104.0,3390.5,6325.0
1035,2000,Région flamande,Vlaams Gewest,Flämische Region,PARTAGE,70,70.0,60000.0,100000.0,115000.0,291.0,730.0,1338.0
1043,2000,Région flamande,Vlaams Gewest,Flämische Region,PARTAGE,78,57.0,90000.0,208199.135,428022.44,448.0,551.0,945.0
1053,2000,Région flamande,Vlaams Gewest,Flämische Region,PARTAGE,200,465.0,160000.0,261573.08,349000.0,330.0,575.0,922.0
1057,2000,Région flamande,Vlaams Gewest,Flämische Region,PARTAGE,204,18.0,64460.645,107475.34,158014.695,20.0,52.0,375.0
1064,2000,Région flamande,Vlaams Gewest,Flämische Region,PARTAGE,240,11.0,150000.0,150000.0,150000.0,1717.0,2625.0,5702.0
1071,2000,Région flamande,Vlaams Gewest,Flämische Region,PARTAGE,247,9.0,113000.0,113000.0,113000.0,202.0,750.0,1569.0
1139,2000,Région flamande,Vlaams Gewest,Flämische Region,PARTAGE,407,12.0,80888.83,216000.0,310000.0,190.5,283.0,365.0
1214,2000,Région flamande,Vlaams Gewest,Flämische Region,PARTAGE,539,8.0,1000.0,1000.0,1000.0,903.5,1473.0,2093.5
1230,2000,Région flamande,Vlaams Gewest,Flämische Region,SUCCNALAT,1,812.0,12250.0,16675.0,21100.0,1365.5,2993.0,5470.0
1231,2000,Région flamande,Vlaams Gewest,Flämische Region,SUCCNALAT,2,315.0,3287.5,5350.0,18540.0,1260.0,3200.0,5960.0
1281,2000,Région flamande,Vlaams Gewest,Flämische Region,SUCCNALAT,70,53.0,165000.0,180000.0,195000.0,126.0,378.0,710.0
1299,2000,Région flamande,Vlaams Gewest,Flämische Region,SUCCNALAT,200,1580.0,209000.0,285000.0,330002.0,225.0,448.0,834.0
1433,2000,Région flamande,Vlaams Gewest,Flämische Region,SUCCNALAT,503,10.0,50000.0,50000.0,50000.0,103.0,1566.0,2664.0
1476,2000,Région flamande,Vlaams Gewest,Flämische Region,VENTEIMMEUB,1,3129.0,12475.0,29939.0,86050.0,1215.0,2990.0,5857.0
1477,2000,Région flamande,Vlaams Gewest,Flämische Region,VENTEIMMEUB,2,1331.0,11220.0,30000.0,78757.0,1380.0,3133.0,6328.0
1478,2000,Région flamande,Vlaams Gewest,Flämische Region,VENTEIMMEUB,3,402.0,7238.55,12500.0,25000.0,1500.0,2897.5,5050.0
1479,2000,Région flamande,Vlaams Gewest,Flämische Region,VENTEIMMEUB,4,887.0,6600.0,20631.76,75000.0,119.0,358.0,632.0
1480,2000,Région flamande,Vlaams Gewest,Flämische Region,VENTEIMMEUB,5,29.0,14300.0,25000.0,50000.0,681.0,2161.0,3765.0
1484,2000,Région flamande,Vlaams Gewest,Flämische Region,VENTEIMMEUB,9,540.0,5250.0,12632.5,30500.0,1200.0,2422.5,4977.5
1485,2000,Région flamande,Vlaams Gewest,Flämische Region,VENTEIMMEUB,10,216.0,12000.0,19750.0,75500.0,595.0,1177.0,2736.5
1486,2000,Région flamande,Vlaams Gewest,Flämische Region,VENTEIMMEUB,11,97.0,6816.0,18500.0,44110.0,1901.0,3923.0,7413.0
1489,2000,Région flamande,Vlaams Gewest,Flämische Region,VENTEIMMEUB,17,29.0,130000.0,130000.0,130000.0,773.0,2254.0,3560.0
1490,2000,Région flamande,Vlaams Gewest,Flämische Region,VENTEIMMEUB,18,6.0,36296.0,36296.0,36296.0,3970.0,8750.0,15356.0
1495,2000,Région flamande,Vlaams Gewest,Flämische Region,VENTEIMMEUB,25,6.0,10000.0,10000.0,10000.0,270.0,2150.0,6601.0
1496,2000,Région flamande,Vlaams Gewest,Flämische Region,VENTEIMMEUB,26,23.0,26026.0,29115.0,30000.0,574.0,2276.0,4096.0
1501,2000,Région flamande,Vlaams Gewest,Flämische Region,VENTEIMMEUB,33,332.0,987.5,2850.0,3687.5,206.5,425.5,1004.0
1503,2000,Région flamande,Vlaams Gewest,Flämische Region,VENTEIMMEUB,35,129.0,15000.0,53250.0,324800.0,475.0,1449.0,4560.0
1504,2000,Région flamande,Vlaams Gewest,Flämische Region,VENTEIMMEUB,36,39.0,3875.0,39400.0,187500.0,1188.0,2400.0,4858.0
1505,2000,Région flamande,Vlaams Gewest,Flämische Region,VENTEIMMEUB,38,18.0,550.0,550.0,550.0,550.0,1900.0,2360.0
1508,2000,Région flamande,Vlaams Gewest,Flämische Region,VENTEIMMEUB,42,10.0,3772.5,16337.5,193540.0,538.0,568.5,800.0
1510,2000,Région flamande,Vlaams Gewest,Flämische Region,VENTEIMMEUB,44,6.0,516.0,171828.0,343140.0,516.0,778.0,3980.0
1514,2000,Région flamande,Vlaams Gewest,Flämische Region,VENTEIMMEUB,50,29.0,250000.0,548850.0,800000.0,941.0,2932.0,4355.0
1524,2000,Région flamande,Vlaams Gewest,Flämische Region,VENTEIMMEUB,67,19.0,7764.0,31194.5,54625.0,68.0,290.0,705.0
1526,2000,Région flamande,Vlaams Gewest,Flämische Region,VENTEIMMEUB,69,6.0,5500.0,5552.5,5605.0,22.0,113.5,1417.0
1527,2000,Région flamande,Vlaams Gewest,Flämische Region,VENTEIMMEUB,70,2763.0,5000.0,20104.0,189000.0,73.0,255.0,687.0
1528,2000,Région flamande,Vlaams Gewest,Flämische Region,VENTEIMMEUB,71,71.0,54500.0,146250.0,321250.0,12.0,14.0,102.0
1535,2000,Région flamande,Vlaams Gewest,Flämische Region,VENTEIMMEUB,78,3362.0,153000.0,259000.0,349000.0,236.0,388.0,604.0
1536,2000,Région flamande,Vlaams Gewest,Flämische Region,VENTEIMMEUB,79,9.0,22500.0,22500.0,22500.0,0.0,0.0,0.0
1541,2000,Région flamande,Vlaams Gewest,Flämische Region,VENTEIMMEUB,164,14.0,1640000.0,1717500.0,1795000.0,122.0,177.5,472.0
1545,2000,Région flamande,Vlaams Gewest,Flämische Region,VENTEIMMEUB,200,15519.0,225000.0,297000.0,400000.0,181.0,361.0,735.0
1546,2000,Région flamande,Vlaams Gewest,Flämische Region,VENTEIMMEUB,201,6.0,72500.0,125000.0,145000.0,361.0,772.0,1109.0
1548,2000,Région flamande,Vlaams Gewest,Flämische Region,VENTEIMMEUB,203,140.0,30000.0,95000.0,173500.0,51.0,201.0,564.0
1549,2000,Région flamande,Vlaams Gewest,Flämische Region,VENTEIMMEUB,204,575.0,20000.0,32250.0,97500.0,18.0,24.0,90.0
1554,2000,Région flamande,Vlaams Gewest,Flämische Region,VENTEIMMEUB,222,243.0,345000.0,465000.0,652000.0,140.0,243.0,430.0
1556,2000,Région flamande,Vlaams Gewest,Flämische Region,VENTEIMMEUB,240,163.0,170000.0,305000.0,480000.0,999.0,2059.0,4291.0
1557,2000,Région flamande,Vlaams Gewest,Flämische Region,VENTEIMMEUB,241,11.0,145000.0,145000.0,145000.0,337.0,1849.0,7252.0
1559,2000,Région flamande,Vlaams Gewest,Flämische Region,VENTEIMMEUB,243,12.0,140000.0,232500.0,325000.0,299.0,558.0,2083.5
1560,2000,Région flamande,Vlaams Gewest,Flämische Region,VENTEIMMEUB,244,9.0,500000.0,500000.0,500000.0,1159.0,2186.0,3592.0
1561,2000,Région flamande,Vlaams Gewest,Flämische Region,VENTEIMMEUB,245,31.0,45000.0,130000.0,257397.0,420.0,1137.0,4748.0
1563,2000,Région flamande,Vlaams Gewest,Flämische Region,VENTEIMMEUB,247,116.0,40000.0,97500.0,230000.0,89.0,633.5,1820.0
1564,2000,Région flamande,Vlaams Gewest,Flämische Region,VENTEIMMEUB,260,7.0,372500.0,700000.0,1741492.0,107.0,960.0,4006.0
1565,2000,Région flamande,Vlaams Gewest,Flämische Region,VENTEIMMEUB,261,39.0,257500.0,475000.0,700000.0,728.0,1093.0,2439.0
1567,2000,Région flamande,Vlaams Gewest,Flämische Region,VENTEIMMEUB,263,20.0,640000.0,820000.0,1000000.0,290.0,905.0,1412.0
1569,2000,Région flamande,Vlaams Gewest,Flämische Region,VENTEIMMEUB,265,53.0,565000.0,750000.0,1480000.0,735.5,1822.0,3165.5
1571,2000,Région flamande,Vlaams Gewest,Flämische Region,VENTEIMMEUB,281,5.0,435000.0,435000.0,435000.0,149.0,232.0,528.0
1580,2000,Région flamande,Vlaams Gewest,Flämische Region,VENTEIMMEUB,290,6.0,1424785.0,1424785.0,1424785.0,3100.0,7381.5,11748.0
1593,2000,Région flamande,Vlaams Gewest,Flämische Region,VENTEIMMEUB,340,7.0,675000.0,712500.0,750000.0,1033.0,1770.0,10000.0
1610,2000,Région flamande,Vlaams Gewest,Flämische Region,VENTEIMMEUB,357,30.0,190000.0,422500.0,1400000.0,946.0,4027.0,5406.0
1611,2000,Région flamande,Vlaams Gewest,Flämische Region,VENTEIMMEUB,370,5.0,210000.0,210000.0,210000.0,1462.0,1800.0,2402.0
1612,2000,Région flamande,Vlaams Gewest,Flämische Region,VENTEIMMEUB,371,237.0,186000.0,430000.0,993000.0,359.5,878.5,2899.0
1613,2000,Région flamande,Vlaams Gewest,Flämische Region,VENTEIMMEUB,372,43.0,2835.0,4000.0,8000.0,11.0,18.0,37.0
1624,2000,Région flamande,Vlaams Gewest,Flämische Region,VENTEIMMEUB,400,7.0,290000.0,295000.0,295000.0,255.0,450.0,625.0
1626,2000,Région flamande,Vlaams Gewest,Flämische Region,VENTEIMMEUB,402,48.0,430000.0,700000.0,1330000.0,304.0,819.0,2445.0
1627,2000,Région flamande,Vlaams Gewest,Flämische Region,VENTEIMMEUB,403,6.0,129000.0,204000.0,279000.0,238.0,1217.0,3471.0
1628,2000,Région flamande,Vlaams Gewest,Flämische Region,VENTEIMMEUB,404,7.0,712500.0,1047500.0,1615000.0,300.0,1043.0,1381.0
1629,2000,Région flamande,Vlaams Gewest,Flämische Region,VENTEIMMEUB,405,7.0,330000.0,565000.0,800000.0,622.0,702.0,2992.0
1630,2000,Région flamande,Vlaams Gewest,Flämische Region,VENTEIMMEUB,406,12.0,250000.0,451000.0,652000.0,189.5,371.0,2420.0
1631,2000,Région flamande,Vlaams Gewest,Flämische Region,VENTEIMMEUB,407,777.0,232000.0,320000.0,450000.0,127.5,231.0,524.5
1632,2000,Région flamande,Vlaams Gewest,Flämische Region,VENTEIMMEUB,408,26.0,1000000.0,1160000.0,2085000.0,1424.0,3086.0,5778.0
1635,2000,Région flamande,Vlaams Gewest,Flämische Region,VENTEIMMEUB,411,6.0,451250.0,643203.07,1993203.07,696.0,1298.5,1640.0
1637,2000,Région flamande,Vlaams Gewest,Flämische Region,VENTEIMMEUB,413,27.0,287500.0,527500.0,777500.0,502.0,1350.0,2731.0
1662,2000,Région flamande,Vlaams Gewest,Flämische Region,VENTEIMMEUB,460,14.0,325000.0,1415000.0,1500000.0,348.0,2126.5,2490.0
1667,2000,Région flamande,Vlaams Gewest,Flämische Region,VENTEIMMEUB,481,11.0,10000.0,103853.0,197706.0,7.0,10.0,85.0
1677,2000,Région flamande,Vlaams Gewest,Flämische Region,VENTEIMMEUB,501,14.0,240000.0,350000.0,1100000.0,187.0,806.5,6591.0
1679,2000,Région flamande,Vlaams Gewest,Flämische Region,VENTEIMMEUB,503,196.0,15000.0,100000.0,180000.0,222.0,381.0,1175.0
1687,2000,Région flamande,Vlaams Gewest,Flämische Region,VENTEIMMEUB,520,5.0,8500.0,8500.0,8500.0,250.0,251.0,316.0
1689,2000,Région flamande,Vlaams Gewest,Flämische Region,VENTEIMMEUB,522,5.0,150000.0,150000.0,150000.0,19.0,83.0,145.0
1706,2000,Région flamande,Vlaams Gewest,Flämische Region,VENTEIMMEUB,539,351.0,18480.0,133820.0,287172.0,36.0,198.0,823.0
1707,2000,Région flamande,Vlaams Gewest,Flämische Region,VENTEIMMEUB,540,498.0,6477.0,22650.0,80942.75,28.0,274.0,962.0
1722,2000,Région flamande,Vlaams Gewest,Flämische Region,VENTEPUBIMMEUB,1,98.0,33000.0,48250.0,82085.0,1704.0,3905.0,7060.0
1723,2000,Région flamande,Vlaams Gewest,Flämische Region,VENTEPUBIMMEUB,2,41.0,39000.0,67000.0,131500.0,1730.0,4960.0,9340.0
1724,2000,Région flamande,Vlaams Gewest,Flämische Region,VENTEPUBIMMEUB,3,8.0,75000.0,75000.0,75000.0,635.0,1912.5,6085.0
1730,2000,Région flamande,Vlaams Gewest,Flämische Region,VENTEPUBIMMEUB,9,9.0,8000.0,20100.0,32200.0,2825.0,3750.0,4190.0
1731,2000,Région flamande,Vlaams Gewest,Flämische Region,VENTEPUBIMMEUB,10,12.0,43300.0,84900.0,126500.0,1366.5,2201.5,4355.0
1773,2000,Région flamande,Vlaams Gewest,Flämische Region,VENTEPUBIMMEUB,70,35.0,109900.0,130000.0,170000.0,191.0,368.0,554.0
1781,2000,Région flamande,Vlaams Gewest,Flämische Region,VENTEPUBIMMEUB,78,65.0,100000.0,149000.0,184000.0,529.0,656.0,994.0
1791,2000,Région flamande,Vlaams Gewest,Flämische Region,VENTEPUBIMMEUB,200,557.0,170000.0,230000.0,316000.0,170.0,320.0,693.0
1795,2000,Région flamande,Vlaams Gewest,Flämische Region,VENTEPUBIMMEUB,204,16.0,50000.0,122500.0,225000.0,16.5,27.5,120.5
1800,2000,Région flamande,Vlaams Gewest,Flämische Region,VENTEPUBIMMEUB,222,7.0,209000.0,464500.0,797000.0,168.0,457.0,470.0
1802,2000,Région flamande,Vlaams Gewest,Flämische Region,VENTEPUBIMMEUB,240,12.0,161000.0,264000.0,404500.0,648.5,1714.5,2169.5
1877,2000,Région flamande,Vlaams Gewest,Flämische Region,VENTEPUBIMMEUB,407,15.0,155000.0,195000.0,308000.0,156.0,275.0,694.0
1925,2000,Région flamande,Vlaams Gewest,Flämische Region,VENTEPUBIMMEUB,503,5.0,21000.0,72000.0,110000.0,991.0,1244.0,1378.0
1968,2000,Région flamande,Vlaams Gewest,Flämische Region,TOTAL,1,8237.0,12100.0,29939.0,89900.0,1429.0,3270.0,6395.0
1969,2000,Région flamande,Vlaams Gewest,Flämische Region,TOTAL,2,3480.0,11847.185,31300.0,85968.5,1569.5,3488.0,7069.0
1970,2000,Région flamande,Vlaams Gewest,Flämische Region,TOTAL,3,801.0,7238.55,12750.0,25575.0,1500.0,2855.0,5100.0
1971,2000,Région flamande,Vlaams Gewest,Flämische Region,TOTAL,4,1733.0,7200.0,20000.0,85000.0,144.0,390.0,682.0
1972,2000,Région flamande,Vlaams Gewest,Flämische Region,TOTAL,5,56.0,9200.0,20000.0,50000.0,624.5,1895.0,4034.5
1976,2000,Région flamande,Vlaams Gewest,Flämische Region,TOTAL,9,1004.0,4950.0,11300.0,28544.0,1201.0,2489.5,5136.5
1977,2000,Région flamande,Vlaams Gewest,Flämische Region,TOTAL,10,571.0,12126.0,33665.0,100000.0,713.0,1393.0,3051.0
1978,2000,Région flamande,Vlaams Gewest,Flämische Region,TOTAL,11,186.0,6816.0,21497.6,46600.0,2205.0,4088.0,9036.0
1981,2000,Région flamande,Vlaams Gewest,Flämische Region,TOTAL,17,49.0,27232.14,78616.07,130000.0,774.0,1567.0,3265.0
1982,2000,Région flamande,Vlaams Gewest,Flämische Region,TOTAL,18,15.0,36296.0,36296.0,36296.0,1394.0,5932.0,12733.0
1987,2000,Région flamande,Vlaams Gewest,Flämische Region,TOTAL,25,16.0,10000.0,10000.0,10000.0,110.0,480.0,2292.0
1988,2000,Région flamande,Vlaams Gewest,Flämische Region,TOTAL,26,39.0,13230.0,27570.5,30000.0,957.0,2208.0,4096.0
1993,2000,Région flamande,Vlaams Gewest,Flämische Region,TOTAL,33,600.0,975.0,2700.0,3375.0,190.5,396.0,882.5
1995,2000,Région flamande,Vlaams Gewest,Flämische Region,TOTAL,35,245.0,15000.0,58250.0,300000.0,426.0,1401.0,3760.0
1996,2000,Région flamande,Vlaams Gewest,Flämische Region,TOTAL,36,84.0,4000.0,42500.0,185000.0,1196.0,2367.5,4716.0
1997,2000,Région flamande,Vlaams Gewest,Flämische Region,TOTAL,38,22.0,550.0,5275.0,10000.0,550.0,1900.0,2438.0
2000,2000,Région flamande,Vlaams Gewest,Flämische Region,TOTAL,42,17.0,3772.5,16337.5,193540.0,423.0,575.0,683.0
2002,2000,Région flamande,Vlaams Gewest,Flämische Region,TOTAL,44,16.0,516.0,2860.0,343140.0,229.5,300.0,1875.0
2006,2000,Région flamande,Vlaams Gewest,Flämische Region,TOTAL,50,64.0,230000.0,504000.0,800000.0,713.0,1642.0,4075.0
2016,2000,Région flamande,Vlaams Gewest,Flämische Region,TOTAL,67,63.0,7764.0,31194.5,54625.0,187.0,380.0,1032.0
2017,2000,Région flamande,Vlaams Gewest,Flämische Region,TOTAL,68,5.0,360.0,360.0,360.0,842.0,1563.0,3800.0
2018,2000,Région flamande,Vlaams Gewest,Flämische Region,TOTAL,69,31.0,5500.0,5552.5,5605.0,41.0,1243.0,1417.0
2019,2000,Région flamande,Vlaams Gewest,Flämische Region,TOTAL,70,4765.0,5323.24,25727.26,180000.0,89.0,315.0,850.0
2020,2000,Région flamande,Vlaams Gewest,Flämische Region,TOTAL,71,120.0,54500.0,146250.0,321250.0,12.0,14.5,485.5
2027,2000,Région flamande,Vlaams Gewest,Flämische Region,TOTAL,78,6302.0,143000.0,246500.0,338000.0,269.0,457.5,714.0
2028,2000,Région flamande,Vlaams Gewest,Flämische Region,TOTAL,79,12.0,22500.0,22500.0,22500.0,0.0,0.0,0.0
2033,2000,Région flamande,Vlaams Gewest,Flämische Region,TOTAL,164,177.0,282758.5,547500.0,1204500.0,261.0,673.5,1581.0
2035,2000,Région flamande,Vlaams Gewest,Flämische Region,TOTAL,166,7.0,565000.0,565000.0,565000.0,170.0,212.0,314.0
2037,2000,Région flamande,Vlaams Gewest,Flämische Region,TOTAL,200,32087.0,205000.0,285000.0,385000.0,211.0,440.0,830.0
2038,2000,Région flamande,Vlaams Gewest,Flämische Region,TOTAL,201,13.0,120000.0,130000.0,140000.0,386.0,415.0,1109.0
2040,2000,Région flamande,Vlaams Gewest,Flämische Region,TOTAL,203,308.0,29900.0,84500.0,165000.0,67.0,250.0,810.0
2041,2000,Région flamande,Vlaams Gewest,Flämische Region,TOTAL,204,1014.0,20000.0,35000.0,105000.0,18.0,33.0,197.5
2046,2000,Région flamande,Vlaams Gewest,Flämische Region,TOTAL,222,611.0,300000.0,430000.0,625000.0,152.0,261.0,453.0
2047,2000,Région flamande,Vlaams Gewest,Flämische Region,TOTAL,223,8.0,150000.0,400000.0,650000.0,67.0,376.0,1087.0
2048,2000,Région flamande,Vlaams Gewest,Flämische Region,TOTAL,240,506.0,170000.0,290000.0,450000.0,1187.0,2197.0,4541.0
2049,2000,Région flamande,Vlaams Gewest,Flämische Region,TOTAL,241,29.0,145000.0,145000.0,145000.0,670.0,3712.0,6078.0
2051,2000,Région flamande,Vlaams Gewest,Flämische Region,TOTAL,243,25.0,140000.0,232500.0,325000.0,271.0,443.0,891.0
2052,2000,Région flamande,Vlaams Gewest,Flämische Region,TOTAL,244,36.0,10000.0,255000.0,500000.0,1097.0,2896.0,3956.5
2053,2000,Région flamande,Vlaams Gewest,Flämische Region,TOTAL,245,84.0,45000.0,130000.0,257397.0,318.0,833.5,5080.5
2055,2000,Région flamande,Vlaams Gewest,Flämische Region,TOTAL,247,355.0,30000.0,97500.0,207495.0,127.0,660.0,1744.0
2056,2000,Région flamande,Vlaams Gewest,Flämische Region,TOTAL,260,12.0,600000.0,800000.0,2430000.0,360.0,1085.0,5774.0
2057,2000,Région flamande,Vlaams Gewest,Flämische Region,TOTAL,261,72.0,152450.0,425000.0,620000.0,728.0,1238.0,2439.0
2059,2000,Région flamande,Vlaams Gewest,Flämische Region,TOTAL,263,36.0,80000.0,645000.0,1000000.0,422.0,1050.0,1916.5
2061,2000,Région flamande,Vlaams Gewest,Flämische Region,TOTAL,265,132.0,350000.0,688750.0,1067198.71,490.0,1538.0,3315.0
2063,2000,Région flamande,Vlaams Gewest,Flämische Region,TOTAL,281,9.0,435000.0,435000.0,435000.0,232.0,528.0,764.0
2071,2000,Région flamande,Vlaams Gewest,Flämische Region,TOTAL,289,5.0,445000.0,445000.0,445000.0,1642.0,2825.0,4127.0
2072,2000,Région flamande,Vlaams Gewest,Flämische Region,TOTAL,290,12.0,850000.0,1137392.5,1424785.0,3663.5,9776.0,10390.0
2085,2000,Région flamande,Vlaams Gewest,Flämische Region,TOTAL,340,10.0,675000.0,712500.0,750000.0,1154.0,1998.0,2595.0
2088,2000,Région flamande,Vlaams Gewest,Flämische Region,TOTAL,343,7.0,300000.0,700000.0,1100000.0,723.0,2001.0,3644.0
2102,2000,Région flamande,Vlaams Gewest,Flämische Region,TOTAL,357,45.0,160000.0,390750.0,1297500.0,1234.0,4102.0,6595.0
2103,2000,Région flamande,Vlaams Gewest,Flämische Region,TOTAL,370,13.0,210000.0,210000.0,210000.0,759.0,1462.0,2402.0
2104,2000,Région flamande,Vlaams Gewest,Flämische Region,TOTAL,371,414.0,150000.0,350000.0,838425.0,422.5,1190.5,3135.5
2105,2000,Région flamande,Vlaams Gewest,Flämische Region,TOTAL,372,82.0,2835.0,5496.0,10601.5,12.0,19.0,30.0
2114,2000,Région flamande,Vlaams Gewest,Flämische Region,TOTAL,381,7.0,240000.0,750000.0,1300000.0,1470.0,2737.0,6282.0
2116,2000,Région flamande,Vlaams Gewest,Flämische Region,TOTAL,400,10.0,290000.0,295000.0,295000.0,255.0,452.5,625.0
2118,2000,Région flamande,Vlaams Gewest,Flämische Region,TOTAL,402,84.0,425000.0,720000.0,1615000.0,319.0,817.5,2409.0
2119,2000,Région flamande,Vlaams Gewest,Flämische Region,TOTAL,403,6.0,129000.0,204000.0,279000.0,238.0,1217.0,3471.0
2120,2000,Région flamande,Vlaams Gewest,Flämische Region,TOTAL,404,9.0,400000.0,1025000.0,1070000.0,300.0,1043.0,1381.0
2121,2000,Région flamande,Vlaams Gewest,Flämische Region,TOTAL,405,13.0,330000.0,650000.0,800000.0,680.0,753.0,2992.0
2122,2000,Région flamande,Vlaams Gewest,Flämische Region,TOTAL,406,21.0,100000.0,250000.0,652000.0,214.0,618.0,1936.0
2123,2000,Région flamande,Vlaams Gewest,Flämische Region,TOTAL,407,1364.0,210000.0,302000.0,440000.0,140.0,268.5,558.0
2124,2000,Région flamande,Vlaams Gewest,Flämische Region,TOTAL,408,45.0,950650.0,1096664.0,2085000.0,892.0,2578.0,4656.0
2125,2000,Région flamande,Vlaams Gewest,Flämische Region,TOTAL,409,5.0,170000.0,175000.0,180000.0,434.0,1124.0,3300.0
2127,2000,Région flamande,Vlaams Gewest,Flämische Region,TOTAL,411,18.0,550000.0,643203.07,900000.0,945.0,1188.0,1640.0
2129,2000,Région flamande,Vlaams Gewest,Flämische Region,TOTAL,413,54.0,172650.0,462500.0,777500.0,660.0,1921.0,2820.0
2146,2000,Région flamande,Vlaams Gewest,Flämische Region,TOTAL,434,8.0,712000.0,712000.0,712000.0,1097.5,1911.0,3868.0
2150,2000,Région flamande,Vlaams Gewest,Flämische Region,TOTAL,443,13.0,199333.34,433920.6,1125000.0,818.0,4534.0,6349.0
2153,2000,Région flamande,Vlaams Gewest,Flämische Region,TOTAL,446,16.0,202000.0,495000.0,650000.0,474.5,1505.5,4712.0
2154,2000,Région flamande,Vlaams Gewest,Flämische Region,TOTAL,460,70.0,325000.0,1415000.0,1500000.0,663.0,2361.0,3836.0
2157,2000,Région flamande,Vlaams Gewest,Flämische Region,TOTAL,463,7.0,210000.0,225000.0,1833556.0,145.0,310.0,730.0
2158,2000,Région flamande,Vlaams Gewest,Flämische Region,TOTAL,480,5.0,430000.0,430000.0,430000.0,1309.0,1712.0,1865.0
2159,2000,Région flamande,Vlaams Gewest,Flämische Region,TOTAL,481,27.0,5211.775,9400.0,103853.0,8.0,14.5,40.0
2160,2000,Région flamande,Vlaams Gewest,Flämische Region,TOTAL,482,6.0,2250000.0,2250000.0,2250000.0,388.0,2190.0,3050.0
2161,2000,Région flamande,Vlaams Gewest,Flämische Region,TOTAL,483,6.0,255000.0,335000.0,625000.0,361.0,1069.5,2230.0
2169,2000,Région flamande,Vlaams Gewest,Flämische Region,TOTAL,501,26.0,87500.0,330000.0,480000.0,187.0,1004.0,9190.0
2171,2000,Région flamande,Vlaams Gewest,Flämische Region,TOTAL,503,306.0,21000.0,89000.0,169000.0,220.0,452.0,1438.0
2172,2000,Région flamande,Vlaams Gewest,Flämische Region,TOTAL,504,10.0,160000.0,160000.0,160000.0,472.0,503.0,1927.0
2179,2000,Région flamande,Vlaams Gewest,Flämische Region,TOTAL,520,16.0,8500.0,121000.0,225000.0,250.5,417.0,1070.0
2181,2000,Région flamande,Vlaams Gewest,Flämische Region,TOTAL,522,9.0,150000.0,150000.0,150000.0,19.0,35.0,145.0
2182,2000,Région flamande,Vlaams Gewest,Flämische Region,TOTAL,523,9.0,500000.0,675000.0,2500000.0,640.0,2072.0,2126.0
2198,2000,Région flamande,Vlaams Gewest,Flämische Region,TOTAL,539,601.0,13000.0,123287.675,280000.0,47.0,337.0,1343.0
2199,2000,Région flamande,Vlaams Gewest,Flämische Region,TOTAL,540,837.0,6477.0,22575.0,84760.0,54.0,320.0,1061.0
2210,2000,Région flamande,Vlaams Gewest,Flämische Region,TOTAL,552,88.0,152500.0,298750.0,445000.0,228.5,356.0,872.5
2214,3000,Région wallonne,Waals Gewest,Wallonische Region,CESSION,1,536.0,9178.25,14586.56,101102.185,1750.0,3005.0,6407.5
2215,3000,Région wallonne,Waals Gewest,Wallonische Region,CESSION,2,496.0,12000.0,43750.0,100000.0,1330.0,2594.0,5505.0
2216,3000,Région wallonne,Waals Gewest,Wallonische Region,CESSION,3,170.0,360.0,40614.65,80869.3,1340.0,2175.0,4170.0
2217,3000,Région wallonne,Waals Gewest,Wallonische Region,CESSION,4,137.0,1239.46,28119.73,55000.0,159.0,326.0,540.0
2222,3000,Région wallonne,Waals Gewest,Wallonische Region,CESSION,9,408.0,4000.0,17000.0,30000.0,1125.0,2415.0,6077.0
2223,3000,Région wallonne,Waals Gewest,Wallonische Region,CESSION,10,32.0,7056.36,7056.36,7056.36,719.5,2101.0,5056.0
2241,3000,Région wallonne,Waals Gewest,Wallonische Region,CESSION,35,59.0,65000.0,65000.0,65000.0,430.0,2700.0,5410.0
2265,3000,Région wallonne,Waals Gewest,Wallonische Region,CESSION,70,167.0,34060.0,53569.33,89820.0,66.0,441.0,1240.0
2273,3000,Région wallonne,Waals Gewest,Wallonische Region,CESSION,78,36.0,40000.0,72000.0,264000.0,375.0,961.5,1338.5
2279,3000,Région wallonne,Waals Gewest,Wallonische Region,CESSION,164,13.0,800000.0,800000.0,800000.0,414.0,516.0,1206.0
2283,3000,Région wallonne,Waals Gewest,Wallonische Region,CESSION,200,1396.0,150000.0,220000.0,300000.0,246.0,553.0,1048.0
2286,3000,Région wallonne,Waals Gewest,Wallonische Region,CESSION,203,24.0,45000.0,45000.0,45000.0,25.5,53.0,401.0
2287,3000,Région wallonne,Waals Gewest,Wallonische Region,CESSION,204,61.0,10322.58,33500.0,60000.0,19.0,30.0,56.0
2292,3000,Région wallonne,Waals Gewest,Wallonische Region,CESSION,222,16.0,80000.0,175000.0,200000.0,155.0,225.0,322.5
2294,3000,Région wallonne,Waals Gewest,Wallonische Region,CESSION,240,29.0,160000.0,260000.0,375000.0,954.0,1373.0,2700.0
2301,3000,Région wallonne,Waals Gewest,Wallonische Region,CESSION,247,54.0,30000.0,35000.0,300000.0,158.0,333.0,846.0
2307,3000,Région wallonne,Waals Gewest,Wallonische Region,CESSION,265,7.0,11200.0,11200.0,11200.0,70.0,171.0,354.0
2350,3000,Région wallonne,Waals Gewest,Wallonische Region,CESSION,371,8.0,155000.0,155000.0,155000.0,162.5,330.0,1678.0
2369,3000,Région wallonne,Waals Gewest,Wallonische Region,CESSION,407,31.0,120000.0,180000.0,220000.0,94.0,205.0,330.0
2405,3000,Région wallonne,Waals Gewest,Wallonische Region,CESSION,481,5.0,100000.0,100000.0,100000.0,10.0,10.0,70.0
2417,3000,Région wallonne,Waals Gewest,Wallonische Region,CESSION,503,16.0,9000.0,30000.0,120000.0,204.5,289.0,1295.0
2445,3000,Région wallonne,Waals Gewest,Wallonische Region,CESSION,540,12.0,6635.0,6635.0,6635.0,0.0,10.5,261.0
2529,3000,Région wallonne,Waals Gewest,Wallonische Region,COMMUNAUTE,200,1253.0,425000.0,425000.0,425000.0,250.0,575.0,1102.0
2706,3000,Région wallonne,Waals Gewest,Wallonische Region,DONATIMMEUB,1,2176.0,14507.5,31200.0,100000.0,1902.0,3692.5,7646.0
2707,3000,Région wallonne,Waals Gewest,Wallonische Region,DONATIMMEUB,2,1377.0,43500.0,65800.0,90000.0,1760.0,3670.0,8024.0
2708,3000,Région wallonne,Waals Gewest,Wallonische Region,DONATIMMEUB,3,361.0,5100.0,30000.0,65000.0,1280.0,2380.0,4267.0
2709,3000,Région wallonne,Waals Gewest,Wallonische Region,DONATIMMEUB,4,220.0,2500.0,6000.0,40000.0,182.0,362.5,589.5
2713,3000,Région wallonne,Waals Gewest,Wallonische Region,DONATIMMEUB,8,26.0,2500.0,2500.0,2500.0,200.0,515.0,3240.0
2714,3000,Région wallonne,Waals Gewest,Wallonische Region,DONATIMMEUB,9,552.0,2412.0,17500.0,60000.0,1126.0,2680.0,5965.0
2715,3000,Région wallonne,Waals Gewest,Wallonische Region,DONATIMMEUB,10,100.0,2775.0,27080.0,75080.0,1067.0,2180.0,4648.0
2732,3000,Région wallonne,Waals Gewest,Wallonische Region,DONATIMMEUB,34,5.0,10000.0,10000.0,10000.0,115.0,200.0,343.0
2754,3000,Région wallonne,Waals Gewest,Wallonische Region,DONATIMMEUB,67,6.0,65000.0,65000.0,65000.0,30.0,75.0,2790.0
2757,3000,Région wallonne,Waals Gewest,Wallonische Region,DONATIMMEUB,70,244.0,9132.0,50000.0,80000.0,365.0,992.0,1730.0
2765,3000,Région wallonne,Waals Gewest,Wallonische Region,DONATIMMEUB,78,99.0,45000.0,77500.0,140000.0,630.0,1003.0,1246.0
2775,3000,Région wallonne,Waals Gewest,Wallonische Region,DONATIMMEUB,200,1580.0,125000.0,180000.0,275000.0,220.0,560.0,1040.0
2778,3000,Région wallonne,Waals Gewest,Wallonische Region,DONATIMMEUB,203,31.0,23354.0,45604.0,71250.0,24.0,62.5,324.0
2779,3000,Région wallonne,Waals Gewest,Wallonische Region,DONATIMMEUB,204,117.0,8500.0,22500.0,42500.0,22.0,40.0,140.0
2784,3000,Région wallonne,Waals Gewest,Wallonische Region,DONATIMMEUB,222,20.0,480750.0,593500.0,792500.0,160.5,251.5,570.5
2786,3000,Région wallonne,Waals Gewest,Wallonische Region,DONATIMMEUB,240,64.0,110000.0,155000.0,275000.0,1065.0,1472.0,3261.5
2793,3000,Région wallonne,Waals Gewest,Wallonische Region,DONATIMMEUB,247,116.0,50000.0,90000.0,182500.0,108.0,262.0,1126.0
2799,3000,Région wallonne,Waals Gewest,Wallonische Region,DONATIMMEUB,265,8.0,50000.0,76000.0,325000.0,149.0,164.5,672.0
2842,3000,Région wallonne,Waals Gewest,Wallonische Region,DONATIMMEUB,371,12.0,30000.0,202500.0,375000.0,333.0,597.5,1536.5
2861,3000,Région wallonne,Waals Gewest,Wallonische Region,DONATIMMEUB,407,54.0,150000.0,220000.0,290000.0,115.0,191.0,350.0
2897,3000,Région wallonne,Waals Gewest,Wallonische Region,DONATIMMEUB,481,7.0,1000.0,1000.0,1000.0,7.0,13.0,20.0
2909,3000,Région wallonne,Waals Gewest,Wallonische Region,DONATIMMEUB,503,34.0,50000.0,64230.0,125000.0,81.0,439.0,1179.0
2917,3000,Région wallonne,Waals Gewest,Wallonische Region,DONATIMMEUB,520,10.0,60000.0,105000.0,150000.0,20.0,393.5,712.0
2936,3000,Région wallonne,Waals Gewest,Wallonische Region,DONATIMMEUB,539,62.0,60000.0,120000.0,150000.0,121.0,451.0,1476.0
2937,3000,Région wallonne,Waals Gewest,Wallonische Region,DONATIMMEUB,540,35.0,128000.0,164000.0,200000.0,200.0,1000.0,2200.0
2952,3000,Région wallonne,Waals Gewest,Wallonische Region,OTHER,1,694.0,11686.0,33247.825,237274.63,1470.0,2900.0,7570.0
2953,3000,Région wallonne,Waals Gewest,Wallonische Region,OTHER,2,308.0,5000.0,17500.0,38000.0,1433.0,3741.0,9553.5
2954,3000,Région wallonne,Waals Gewest,Wallonische Region,OTHER,3,186.0,400.0,4135.0,7870.0,1150.0,2375.0,5360.0
2955,3000,Région wallonne,Waals Gewest,Wallonische Region,OTHER,4,140.0,75000.0,87500.0,100000.0,126.5,287.5,585.0
2961,3000,Région wallonne,Waals Gewest,Wallonische Region,OTHER,10,43.0,9000.0,9000.0,9000.0,682.0,1920.0,4590.0
3003,3000,Région wallonne,Waals Gewest,Wallonische Region,OTHER,70,568.0,3200.0,55000.0,380000.0,115.0,617.0,1517.5
3011,3000,Région wallonne,Waals Gewest,Wallonische Region,OTHER,78,216.0,100010.0,240000.0,297500.0,411.5,705.0,1098.5
3021,3000,Région wallonne,Waals Gewest,Wallonische Region,OTHER,200,1051.0,130000.0,222500.0,300000.0,210.0,504.5,1044.0
3024,3000,Région wallonne,Waals Gewest,Wallonische Region,OTHER,203,23.0,14027.22,14027.22,14027.22,24.0,60.0,298.0
3025,3000,Région wallonne,Waals Gewest,Wallonische Region,OTHER,204,47.0,5000.0,20000.0,25000.0,32.0,49.0,250.0
3032,3000,Région wallonne,Waals Gewest,Wallonische Region,OTHER,240,28.0,147000.0,220000.0,425000.0,917.5,1917.0,2993.5
3039,3000,Région wallonne,Waals Gewest,Wallonische Region,OTHER,247,52.0,12840.0,31700.0,87950.0,217.0,589.5,1679.0
3041,3000,Région wallonne,Waals Gewest,Wallonische Region,OTHER,261,16.0,30875.0,200000.0,909750.0,1971.5,3399.0,7038.0
3045,3000,Région wallonne,Waals Gewest,Wallonische Region,OTHER,265,12.0,17588.85,17588.85,17588.85,2156.0,3719.0,5929.0
3086,3000,Région wallonne,Waals Gewest,Wallonische Region,OTHER,357,8.0,10000.0,10000.0,10000.0,4306.5,4859.5,7276.5
3088,3000,Région wallonne,Waals Gewest,Wallonische Region,OTHER,371,42.0,240500.0,350500.0,940000.0,1060.0,3156.5,6536.0
3107,3000,Région wallonne,Waals Gewest,Wallonische Region,OTHER,407,58.0,30000.0,80000.0,130000.0,105.0,188.0,360.0
3108,3000,Région wallonne,Waals Gewest,Wallonische Region,OTHER,408,12.0,1216425.0,1216425.0,1216425.0,2414.0,3439.0,7977.5
3155,3000,Région wallonne,Waals Gewest,Wallonische Region,OTHER,503,13.0,50.0,50.0,50.0,378.0,691.0,1484.0
3182,3000,Région wallonne,Waals Gewest,Wallonische Region,OTHER,539,100.0,7086.14,28575.065,143138.925,42.0,130.0,725.0
3183,3000,Région wallonne,Waals Gewest,Wallonische Region,OTHER,540,56.0,37000.0,44015.0,51030.0,140.0,894.0,2800.5
3198,3000,Région wallonne,Waals Gewest,Wallonische Region,PARTAGE,1,523.0,4007.51,22685.25,46121.75,1842.0,3750.0,7800.0
3199,3000,Région wallonne,Waals Gewest,Wallonische Region,PARTAGE,2,445.0,23750.0,40000.0,95000.0,2150.0,4256.0,9520.0
3200,3000,Région wallonne,Waals Gewest,Wallonische Region,PARTAGE,3,121.0,9050.0,39000.0,65000.0,1080.0,1990.0,4072.0
3201,3000,Région wallonne,Waals Gewest,Wallonische Region,PARTAGE,4,75.0,1485.0,1485.0,1485.0,180.0,406.0,702.0
3207,3000,Région wallonne,Waals Gewest,Wallonische Region,PARTAGE,10,28.0,150000.0,150000.0,150000.0,778.5,1835.0,3676.5
3218,3000,Région wallonne,Waals Gewest,Wallonische Region,PARTAGE,26,5.0,2500.0,2500.0,2500.0,490.0,580.0,3210.0
3249,3000,Région wallonne,Waals Gewest,Wallonische Region,PARTAGE,70,161.0,6204.0,185885.0,394000.0,307.0,1118.0,3191.0
3257,3000,Région wallonne,Waals Gewest,Wallonische Region,PARTAGE,78,35.0,120000.0,140000.0,140000.0,697.0,1250.0,1503.0
3267,3000,Région wallonne,Waals Gewest,Wallonische Region,PARTAGE,200,634.0,150000.0,225000.0,320000.0,290.0,632.5,1117.0
3270,3000,Région wallonne,Waals Gewest,Wallonische Region,PARTAGE,203,10.0,52191.26,91595.63,131000.0,27.0,78.0,350.0
3271,3000,Région wallonne,Waals Gewest,Wallonische Region,PARTAGE,204,34.0,9000.0,25401.16,120000.0,19.5,34.5,91.5
3278,3000,Région wallonne,Waals Gewest,Wallonische Region,PARTAGE,240,26.0,150000.0,160000.0,180000.0,845.0,1250.0,2163.0
3334,3000,Région wallonne,Waals Gewest,Wallonische Region,PARTAGE,371,6.0,586935.1,586935.1,586935.1,500.0,1670.0,2367.0
3353,3000,Région wallonne,Waals Gewest,Wallonische Region,PARTAGE,407,10.0,116200.0,388100.0,660000.0,155.0,396.0,840.0
3401,3000,Région wallonne,Waals Gewest,Wallonische Region,PARTAGE,503,9.0,56000.0,65500.0,75000.0,890.0,1034.0,1860.0
3428,3000,Région wallonne,Waals Gewest,Wallonische Region,PARTAGE,539,35.0,20000.0,90000.0,250000.0,46.0,430.5,1415.0
3429,3000,Région wallonne,Waals Gewest,Wallonische Region,PARTAGE,540,13.0,41380.0,41380.0,41380.0,739.0,2300.0,5259.0
3444,3000,Région wallonne,Waals Gewest,Wallonische Region,SUCCNALAT,1,498.0,2640.0,5285.0,13275.0,1590.0,2995.0,6190.0
3445,3000,Région wallonne,Waals Gewest,Wallonische Region,SUCCNALAT,2,265.0,3691.5,6649.0,14500.0,2331.0,4060.0,8123.0
3446,3000,Région wallonne,Waals Gewest,Wallonische Region,SUCCNALAT,3,86.0,1114.0,3472.5,18100.0,970.0,2328.5,4160.0
3447,3000,Région wallonne,Waals Gewest,Wallonische Region,SUCCNALAT,4,72.0,2297.87,5250.0,22500.0,233.0,360.5,667.5
3452,3000,Région wallonne,Waals Gewest,Wallonische Region,SUCCNALAT,9,98.0,273.0,440.0,1600.0,1110.0,2510.0,5790.0
3453,3000,Région wallonne,Waals Gewest,Wallonische Region,SUCCNALAT,10,27.0,521.75,1590.0,5500.5,1020.0,1540.0,3215.0
3469,3000,Région wallonne,Waals Gewest,Wallonische Region,SUCCNALAT,33,22.0,80.0,96.0,112.0,52.0,155.0,507.0
3471,3000,Région wallonne,Waals Gewest,Wallonische Region,SUCCNALAT,35,24.0,186.0,309.0,774.0,238.0,713.5,2473.0
3495,3000,Région wallonne,Waals Gewest,Wallonische Region,SUCCNALAT,70,23.0,20000.0,50125.0,80000.0,193.0,407.0,977.0
3503,3000,Région wallonne,Waals Gewest,Wallonische Region,SUCCNALAT,78,8.0,28329.0,28329.0,28329.0,1089.5,1287.0,1442.5
3513,3000,Région wallonne,Waals Gewest,Wallonische Region,SUCCNALAT,200,809.0,115000.0,165000.0,220000.0,213.0,450.0,864.5
3517,3000,Région wallonne,Waals Gewest,Wallonische Region,SUCCNALAT,204,48.0,5250.0,31100.0,83500.0,20.0,39.0,67.5
3524,3000,Région wallonne,Waals Gewest,Wallonische Region,SUCCNALAT,240,14.0,107500.0,155000.0,192100.0,1005.0,1473.5,2464.0
3531,3000,Région wallonne,Waals Gewest,Wallonische Region,SUCCNALAT,247,20.0,15000.0,15000.0,27500.0,107.5,158.5,376.0
3599,3000,Région wallonne,Waals Gewest,Wallonische Region,SUCCNALAT,407,15.0,90000.0,120000.0,170000.0,264.0,460.0,1130.0
3647,3000,Région wallonne,Waals Gewest,Wallonische Region,SUCCNALAT,503,13.0,75000.0,90000.0,95000.0,535.0,920.0,1028.0
3690,3000,Région wallonne,Waals Gewest,Wallonische Region,VENTEIMMEUB,1,2414.0,9000.0,30000.0,87400.0,1270.0,2639.5,5340.0
3691,3000,Région wallonne,Waals Gewest,Wallonische Region,VENTEIMMEUB,2,2052.0,11500.0,45000.0,100000.0,1088.0,2683.5,5735.0
3692,3000,Région wallonne,Waals Gewest,Wallonische Region,VENTEIMMEUB,3,728.0,6450.0,14300.0,56250.0,937.5,2048.5,3979.5
3693,3000,Région wallonne,Waals Gewest,Wallonische Region,VENTEIMMEUB,4,1008.0,3000.0,10000.0,38000.0,168.0,350.0,584.0
3697,3000,Région wallonne,Waals Gewest,Wallonische Region,VENTEIMMEUB,8,65.0,30750.0,50175.2,90175.2,620.0,1420.0,2680.0
3698,3000,Région wallonne,Waals Gewest,Wallonische Region,VENTEIMMEUB,9,1191.0,5000.0,13500.0,45000.0,1080.0,2500.0,5650.0
3699,3000,Région wallonne,Waals Gewest,Wallonische Region,VENTEIMMEUB,10,151.0,45050.0,71250.0,94500.0,600.0,1207.0,2680.0
3703,3000,Région wallonne,Waals Gewest,Wallonische Region,VENTEIMMEUB,17,27.0,150000.0,1275000.0,2400000.0,1030.0,1972.0,6579.0
3706,3000,Région wallonne,Waals Gewest,Wallonische Region,VENTEIMMEUB,21,23.0,5000.0,6000.0,15200.0,220.0,315.0,1214.0
3710,3000,Région wallonne,Waals Gewest,Wallonische Region,VENTEIMMEUB,26,30.0,6500.0,30000.0,60000.0,698.0,3035.0,8810.0
3715,3000,Région wallonne,Waals Gewest,Wallonische Region,VENTEIMMEUB,33,214.0,2000.0,13500.0,50000.0,87.0,304.5,870.0
3716,3000,Région wallonne,Waals Gewest,Wallonische Region,VENTEIMMEUB,34,12.0,125.0,2312.5,4500.0,62.0,197.5,418.5
3717,3000,Région wallonne,Waals Gewest,Wallonische Region,VENTEIMMEUB,35,282.0,6500.0,25836.555,72000.0,295.0,983.0,2955.0
3718,3000,Région wallonne,Waals Gewest,Wallonische Region,VENTEIMMEUB,36,9.0,933.33,2466.665,4000.0,2150.0,4108.0,5790.0
3728,3000,Région wallonne,Waals Gewest,Wallonische Region,VENTEIMMEUB,50,22.0,63910.0,65703.55,347197.8,1645.0,2448.5,5610.0
3738,3000,Région wallonne,Waals Gewest,Wallonische Region,VENTEIMMEUB,67,27.0,810.0,29405.0,58000.0,57.0,375.0,915.0
3741,3000,Région wallonne,Waals Gewest,Wallonische Region,VENTEIMMEUB,70,1847.0,22000.0,72250.0,146660.0,118.0,584.0,1296.0
3742,3000,Région wallonne,Waals Gewest,Wallonische Region,VENTEIMMEUB,71,40.0,8500.0,8500.0,8500.0,13.0,22.5,681.0
3748,3000,Région wallonne,Waals Gewest,Wallonische Region,VENTEIMMEUB,77,118.0,8500.0,8500.0,8500.0,91.0,224.0,411.0
3749,3000,Région wallonne,Waals Gewest,Wallonische Region,VENTEIMMEUB,78,893.0,67500.0,140000.0,290000.0,376.0,714.0,1060.0
3759,3000,Région wallonne,Waals Gewest,Wallonische Region,VENTEIMMEUB,200,8287.0,140000.0,200000.0,293000.0,168.0,350.0,798.0
3761,3000,Région wallonne,Waals Gewest,Wallonische Region,VENTEIMMEUB,202,11.0,25000.0,120000.0,230000.0,110.0,310.0,496.0
3762,3000,Région wallonne,Waals Gewest,Wallonische Region,VENTEIMMEUB,203,165.0,10100.0,25000.0,80000.0,15.0,50.0,185.0
3763,3000,Région wallonne,Waals Gewest,Wallonische Region,VENTEIMMEUB,204,652.0,10500.0,20000.0,50000.0,20.0,30.0,71.0
3768,3000,Région wallonne,Waals Gewest,Wallonische Region,VENTEIMMEUB,222,62.0,240000.0,300000.0,431000.0,160.0,246.0,488.0
3769,3000,Région wallonne,Waals Gewest,Wallonische Region,VENTEIMMEUB,223,13.0,92000.0,190000.0,269000.0,72.0,184.0,293.0
3770,3000,Région wallonne,Waals Gewest,Wallonische Region,VENTEIMMEUB,240,93.0,160000.0,235000.0,380000.0,668.0,1220.0,2259.0
3771,3000,Région wallonne,Waals Gewest,Wallonische Region,VENTEIMMEUB,241,5.0,155000.0,155000.0,155000.0,96.0,105.0,858.0
3777,3000,Région wallonne,Waals Gewest,Wallonische Region,VENTEIMMEUB,247,157.0,45000.0,89000.0,160000.0,66.5,190.0,597.0
3779,3000,Région wallonne,Waals Gewest,Wallonische Region,VENTEIMMEUB,261,51.0,248000.0,390000.0,520000.0,631.0,2104.0,3750.0
3781,3000,Région wallonne,Waals Gewest,Wallonische Region,VENTEIMMEUB,263,7.0,64000.0,156000.0,160000.0,385.0,604.0,864.0
3783,3000,Région wallonne,Waals Gewest,Wallonische Region,VENTEIMMEUB,265,41.0,85000.0,155000.0,310000.0,249.5,994.5,3087.5
3785,3000,Région wallonne,Waals Gewest,Wallonische Region,VENTEIMMEUB,281,5.0,110000.0,190000.0,270000.0,100.0,210.0,350.0
3824,3000,Région wallonne,Waals Gewest,Wallonische Region,VENTEIMMEUB,357,9.0,385000.0,955000.0,2305000.0,1598.0,3052.0,12202.0
3825,3000,Région wallonne,Waals Gewest,Wallonische Region,VENTEIMMEUB,370,11.0,103500.0,138500.0,165000.0,80.0,262.0,1120.0
3826,3000,Région wallonne,Waals Gewest,Wallonische Region,VENTEIMMEUB,371,110.0,94000.0,200000.0,530000.0,436.0,865.0,2990.0
3838,3000,Région wallonne,Waals Gewest,Wallonische Region,VENTEIMMEUB,400,12.0,205000.0,285000.0,636500.0,226.0,372.0,770.5
3840,3000,Région wallonne,Waals Gewest,Wallonische Region,VENTEIMMEUB,402,25.0,222000.0,506000.0,2000000.0,184.0,308.0,671.5
3842,3000,Région wallonne,Waals Gewest,Wallonische Region,VENTEIMMEUB,404,6.0,400000.0,560000.0,720000.0,810.0,1604.5,13527.0
3845,3000,Région wallonne,Waals Gewest,Wallonische Region,VENTEIMMEUB,407,390.0,132000.0,190550.0,275000.0,100.0,181.5,365.0
3846,3000,Région wallonne,Waals Gewest,Wallonische Region,VENTEIMMEUB,408,22.0,290000.0,320000.0,515000.0,360.0,1188.5,4342.0
3847,3000,Région wallonne,Waals Gewest,Wallonische Region,VENTEIMMEUB,409,5.0,42000.0,120000.0,215000.0,740.0,1212.0,1329.0
3849,3000,Région wallonne,Waals Gewest,Wallonische Region,VENTEIMMEUB,411,11.0,170000.0,210000.0,250000.0,248.0,343.0,1027.0
3851,3000,Région wallonne,Waals Gewest,Wallonische Region,VENTEIMMEUB,413,9.0,120000.0,169000.0,300000.0,329.0,525.0,1912.0
3868,3000,Région wallonne,Waals Gewest,Wallonische Region,VENTEIMMEUB,434,8.0,365000.0,450000.0,475000.0,333.0,707.5,860.0
3876,3000,Région wallonne,Waals Gewest,Wallonische Region,VENTEIMMEUB,460,8.0,117500.0,145000.0,165000.0,800.0,1600.0,1926.0
3891,3000,Région wallonne,Waals Gewest,Wallonische Region,VENTEIMMEUB,501,17.0,230000.0,282500.0,335000.0,1241.0,3487.5,7240.0
3893,3000,Région wallonne,Waals Gewest,Wallonische Region,VENTEIMMEUB,503,237.0,20500.0,71000.0,130000.0,220.0,387.0,895.0
3901,3000,Région wallonne,Waals Gewest,Wallonische Region,VENTEIMMEUB,520,58.0,10000.0,30000.0,48000.0,61.0,160.5,583.0
3903,3000,Région wallonne,Waals Gewest,Wallonische Region,VENTEIMMEUB,522,7.0,105000.0,127500.0,150000.0,38.0,115.0,281.0
3920,3000,Région wallonne,Waals Gewest,Wallonische Region,VENTEIMMEUB,539,306.0,22750.0,80205.305,161500.0,50.0,258.0,1000.0
3921,3000,Région wallonne,Waals Gewest,Wallonische Region,VENTEIMMEUB,540,152.0,4000.0,26024.07,75000.0,199.0,739.0,2137.5
3937,3000,Région wallonne,Waals Gewest,Wallonische Region,VENTEPUBIMMEUB,2,38.0,27690.0,75558.125,155058.125,1050.0,3039.5,6970.0
3938,3000,Région wallonne,Waals Gewest,Wallonische Region,VENTEPUBIMMEUB,3,7.0,90000.0,90000.0,90000.0,510.0,2610.0,16400.0
3945,3000,Région wallonne,Waals Gewest,Wallonische Region,VENTEPUBIMMEUB,10,10.0,24000.0,32500.0,41000.0,560.0,1095.0,2579.0
3987,3000,Région wallonne,Waals Gewest,Wallonische Region,VENTEPUBIMMEUB,70,23.0,22714.39,66000.0,101000.0,304.0,830.0,1313.0
3995,3000,Région wallonne,Waals Gewest,Wallonische Region,VENTEPUBIMMEUB,78,8.0,36276.785,45000.0,68000.0,365.0,756.5,950.0
4005,3000,Région wallonne,Waals Gewest,Wallonische Region,VENTEPUBIMMEUB,200,279.0,91000.0,173500.0,255000.0,160.0,370.0,800.0
4009,3000,Région wallonne,Waals Gewest,Wallonische Region,VENTEPUBIMMEUB,204,18.0,20000.0,27371.0,44000.0,19.0,26.0,80.0
4023,3000,Région wallonne,Waals Gewest,Wallonische Region,VENTEPUBIMMEUB,247,7.0,46000.0,46000.0,46000.0,31.0,50.0,260.0
4091,3000,Région wallonne,Waals Gewest,Wallonische Region,VENTEPUBIMMEUB,407,13.0,76000.0,107000.0,171000.0,160.0,204.0,316.0
4139,3000,Région wallonne,Waals Gewest,Wallonische Region,VENTEPUBIMMEUB,503,7.0,77000.0,81000.0,85000.0,234.0,343.0,738.0
4182,3000,Région wallonne,Waals Gewest,Wallonische Region,TOTAL,1,7069.0,6260.0,17500.0,72000.0,1560.0,3100.0,6540.0
4183,3000,Région wallonne,Waals Gewest,Wallonische Region,TOTAL,2,5244.0,9275.0,40000.0,95000.0,1400.0,3190.0,7064.0
4184,3000,Région wallonne,Waals Gewest,Wallonische Region,TOTAL,3,1706.0,5100.0,13950.0,58750.0,1060.0,2150.0,4204.0
4185,3000,Région wallonne,Waals Gewest,Wallonische Region,TOTAL,4,1791.0,2500.0,10000.0,40000.0,175.0,360.0,600.0
4186,3000,Région wallonne,Waals Gewest,Wallonische Region,TOTAL,5,8.0,40000.0,40000.0,40000.0,370.0,773.0,1086.0
4189,3000,Région wallonne,Waals Gewest,Wallonische Region,TOTAL,8,168.0,16500.0,45000.0,55350.4,416.0,1210.0,3038.0
4190,3000,Région wallonne,Waals Gewest,Wallonische Region,TOTAL,9,3013.0,2839.5,7232.5,32500.0,1120.0,2613.0,6350.0
4191,3000,Région wallonne,Waals Gewest,Wallonische Region,TOTAL,10,431.0,5000.0,45000.0,85000.0,715.0,1630.0,3601.0
4195,3000,Région wallonne,Waals Gewest,Wallonische Region,TOTAL,17,61.0,150000.0,1275000.0,2400000.0,838.0,1828.0,6579.0
4196,3000,Région wallonne,Waals Gewest,Wallonische Region,TOTAL,18,12.0,60681.33,60681.33,60681.33,3000.0,7155.5,10223.5
4198,3000,Région wallonne,Waals Gewest,Wallonische Region,TOTAL,21,26.0,5000.0,6000.0,15200.0,233.0,363.0,1214.0
4202,3000,Région wallonne,Waals Gewest,Wallonische Region,TOTAL,26,79.0,4500.0,18250.0,45000.0,559.0,2504.0,6700.0
4207,3000,Région wallonne,Waals Gewest,Wallonische Region,TOTAL,33,471.0,806.0,6500.0,33000.0,107.0,380.0,1370.0
4208,3000,Région wallonne,Waals Gewest,Wallonische Region,TOTAL,34,31.0,125.0,4500.0,10000.0,100.0,115.0,343.0
4209,3000,Région wallonne,Waals Gewest,Wallonische Region,TOTAL,35,598.0,3520.0,15000.0,60000.0,315.0,1200.0,3280.0
4210,3000,Région wallonne,Waals Gewest,Wallonische Region,TOTAL,36,14.0,933.33,2466.665,4000.0,2150.0,3292.5,6090.0
4217,3000,Région wallonne,Waals Gewest,Wallonische Region,TOTAL,45,7.0,35000.0,35000.0,35000.0,185.0,3045.0,61269.0
4220,3000,Région wallonne,Waals Gewest,Wallonische Region,TOTAL,50,32.0,63910.0,66407.1,347197.8,1587.0,2452.0,5887.0
4226,3000,Région wallonne,Waals Gewest,Wallonische Region,TOTAL,57,8.0,750.0,750.0,750.0,1061.5,1659.5,2026.5
4230,3000,Région wallonne,Waals Gewest,Wallonische Region,TOTAL,67,64.0,810.0,58000.0,65000.0,57.0,496.5,1325.0
4233,3000,Région wallonne,Waals Gewest,Wallonische Region,TOTAL,70,3173.0,20186.8,70000.0,144250.0,140.0,645.0,1425.0
4234,3000,Région wallonne,Waals Gewest,Wallonische Region,TOTAL,71,56.0,8500.0,8500.0,8500.0,15.0,60.0,1076.0
4240,3000,Région wallonne,Waals Gewest,Wallonische Region,TOTAL,77,194.0,8500.0,8500.0,8500.0,100.0,223.0,430.0
4241,3000,Région wallonne,Waals Gewest,Wallonische Region,TOTAL,78,1384.0,65000.0,130000.0,280000.0,412.5,750.5,1134.5
4247,3000,Région wallonne,Waals Gewest,Wallonische Region,TOTAL,164,128.0,800000.0,800000.0,800000.0,153.0,366.5,1010.0
4251,3000,Région wallonne,Waals Gewest,Wallonische Region,TOTAL,200,15289.0,135000.0,200000.0,290000.0,192.0,425.0,910.0
4253,3000,Région wallonne,Waals Gewest,Wallonische Region,TOTAL,202,12.0,25000.0,120000.0,230000.0,91.5,275.0,441.0
4254,3000,Région wallonne,Waals Gewest,Wallonische Region,TOTAL,203,285.0,15000.0,39500.0,80000.0,20.0,52.0,215.0
4255,3000,Région wallonne,Waals Gewest,Wallonische Region,TOTAL,204,1045.0,10200.0,20000.0,50000.0,20.0,30.0,80.0
4260,3000,Région wallonne,Waals Gewest,Wallonische Region,TOTAL,222,137.0,240000.0,315750.0,487500.0,155.0,244.0,488.0
4261,3000,Région wallonne,Waals Gewest,Wallonische Region,TOTAL,223,26.0,92000.0,190000.0,269000.0,60.0,117.0,189.0
4262,3000,Région wallonne,Waals Gewest,Wallonische Region,TOTAL,240,280.0,150000.0,188000.0,320000.0,842.5,1377.5,2720.0
4263,3000,Région wallonne,Waals Gewest,Wallonische Region,TOTAL,241,9.0,155000.0,155000.0,155000.0,76.0,105.0,858.0
4269,3000,Région wallonne,Waals Gewest,Wallonische Region,TOTAL,247,488.0,30000.0,50000.0,150000.0,98.0,250.0,783.0
4271,3000,Région wallonne,Waals Gewest,Wallonische Region,TOTAL,261,77.0,210000.0,300000.0,520000.0,632.5,2275.0,3902.0
4273,3000,Région wallonne,Waals Gewest,Wallonische Region,TOTAL,263,9.0,64000.0,156000.0,160000.0,513.0,626.0,1445.0
4275,3000,Région wallonne,Waals Gewest,Wallonische Region,TOTAL,265,69.0,75000.0,120000.0,310000.0,175.0,955.0,3130.0
4277,3000,Région wallonne,Waals Gewest,Wallonische Region,TOTAL,281,5.0,110000.0,190000.0,270000.0,100.0,210.0,350.0
4316,3000,Région wallonne,Waals Gewest,Wallonische Region,TOTAL,357,17.0,220000.0,550000.0,1360000.0,2151.0,4720.0,9554.0
4317,3000,Région wallonne,Waals Gewest,Wallonische Region,TOTAL,370,27.0,95000.0,112000.0,165000.0,83.0,254.0,934.0
4318,3000,Région wallonne,Waals Gewest,Wallonische Region,TOTAL,371,186.0,94000.0,200000.0,530000.0,450.0,1186.5,3197.0
4330,3000,Région wallonne,Waals Gewest,Wallonische Region,TOTAL,400,14.0,205000.0,285000.0,636500.0,277.0,397.5,590.0
4332,3000,Région wallonne,Waals Gewest,Wallonische Region,TOTAL,402,45.0,222000.0,400000.0,1725000.0,222.5,423.5,1022.0
4333,3000,Région wallonne,Waals Gewest,Wallonische Region,TOTAL,403,5.0,150000.0,195000.0,900000.0,648.0,807.0,2430.0
4334,3000,Région wallonne,Waals Gewest,Wallonische Region,TOTAL,404,9.0,450000.0,610000.0,935000.0,1512.0,1549.0,4384.0
4335,3000,Région wallonne,Waals Gewest,Wallonische Region,TOTAL,405,5.0,420000.0,420000.0,420000.0,750.0,776.0,817.0
4336,3000,Région wallonne,Waals Gewest,Wallonische Region,TOTAL,406,6.0,90000.0,90000.0,90000.0,237.0,301.5,998.0
4337,3000,Région wallonne,Waals Gewest,Wallonische Region,TOTAL,407,596.0,130000.0,190000.0,270000.0,105.0,192.5,388.0
4338,3000,Région wallonne,Waals Gewest,Wallonische Region,TOTAL,408,37.0,290000.0,515000.0,975000.6,617.0,2295.0,4614.0
4339,3000,Région wallonne,Waals Gewest,Wallonische Region,TOTAL,409,10.0,3000.0,42000.0,120000.0,584.0,1071.0,1329.0
4341,3000,Région wallonne,Waals Gewest,Wallonische Region,TOTAL,411,13.0,170000.0,210000.0,250000.0,317.0,609.0,1276.0
4343,3000,Région wallonne,Waals Gewest,Wallonische Region,TOTAL,413,15.0,120000.0,219500.0,300000.0,329.0,1224.0,1912.0
4360,3000,Région wallonne,Waals Gewest,Wallonische Region,TOTAL,434,12.0,365000.0,450000.0,475000.0,516.5,768.5,3042.5
4364,3000,Région wallonne,Waals Gewest,Wallonische Region,TOTAL,443,5.0,250000.0,312500.0,375000.0,367.0,1370.0,1645.0
4368,3000,Région wallonne,Waals Gewest,Wallonische Region,TOTAL,460,46.0,70000.0,131250.0,165000.0,640.0,1385.5,3244.0
4373,3000,Région wallonne,Waals Gewest,Wallonische Region,TOTAL,481,32.0,1000.0,50500.0,100000.0,10.0,10.5,70.0
4383,3000,Région wallonne,Waals Gewest,Wallonische Region,TOTAL,501,28.0,30000.0,230000.0,335000.0,1327.0,2452.0,5722.0
4384,3000,Région wallonne,Waals Gewest,Wallonische Region,TOTAL,502,5.0,6000.0,6000.0,6000.0,636.0,1658.0,2147.0
4385,3000,Région wallonne,Waals Gewest,Wallonische Region,TOTAL,503,339.0,22000.0,72000.0,120000.0,220.0,442.0,1004.0
4393,3000,Région wallonne,Waals Gewest,Wallonische Region,TOTAL,520,106.0,10000.0,39000.0,100000.0,79.0,181.5,759.5
4395,3000,Région wallonne,Waals Gewest,Wallonische Region,TOTAL,522,12.0,105000.0,127500.0,150000.0,45.5,115.0,688.0
4396,3000,Région wallonne,Waals Gewest,Wallonische Region,TOTAL,523,6.0,990000.0,990000.0,990000.0,3445.0,10529.0,36936.0
4412,3000,Région wallonne,Waals Gewest,Wallonische Region,TOTAL,539,552.0,28500.0,81205.305,152000.0,46.0,257.0,1022.0
4413,3000,Région wallonne,Waals Gewest,Wallonische Region,TOTAL,540,279.0,5000.0,37000.0,75000.0,161.0,853.0,2200.0
4497,4000,Région de Bruxelles-Capitale,Brussels Hoofdstedelijk Gewest,Region Brüssel-Hauptstadt,CESSION,200,190.0,343435.0,450000.0,650000.0,110.0,170.0,240.0
4506,4000,Région de Bruxelles-Capitale,Brussels Hoofdstedelijk Gewest,Region Brüssel-Hauptstadt,CESSION,222,15.0,625000.0,800000.0,1250000.0,175.0,222.0,411.0
4583,4000,Région de Bruxelles-Capitale,Brussels Hoofdstedelijk Gewest,Region Brüssel-Hauptstadt,CESSION,407,19.0,360000.0,400000.0,1000000.0,62.0,90.0,157.0
4989,4000,Région de Bruxelles-Capitale,Brussels Hoofdstedelijk Gewest,Region Brüssel-Hauptstadt,DONATIMMEUB,200,341.0,260000.0,390000.0,555000.0,120.0,180.0,288.0
4993,4000,Région de Bruxelles-Capitale,Brussels Hoofdstedelijk Gewest,Region Brüssel-Hauptstadt,DONATIMMEUB,204,8.0,47000.0,429750.0,812500.0,20.0,45.0,860.0
4998,4000,Région de Bruxelles-Capitale,Brussels Hoofdstedelijk Gewest,Region Brüssel-Hauptstadt,DONATIMMEUB,222,29.0,400000.0,533333.32,800000.0,180.0,292.0,385.0
5075,4000,Région de Bruxelles-Capitale,Brussels Hoofdstedelijk Gewest,Region Brüssel-Hauptstadt,DONATIMMEUB,407,27.0,325000.0,465000.0,650000.0,72.0,130.0,160.0
5231,4000,Région de Bruxelles-Capitale,Brussels Hoofdstedelijk Gewest,Region Brüssel-Hauptstadt,OTHER,164,26.0,60000.0,111250.0,162500.0,172.5,319.5,1207.5
5235,4000,Région de Bruxelles-Capitale,Brussels Hoofdstedelijk Gewest,Region Brüssel-Hauptstadt,OTHER,200,171.0,295000.0,382500.0,560000.0,115.0,175.0,250.0
5244,4000,Région de Bruxelles-Capitale,Brussels Hoofdstedelijk Gewest,Region Brüssel-Hauptstadt,OTHER,222,39.0,50.0,50.0,50.0,135.0,200.0,415.0
5259,4000,Région de Bruxelles-Capitale,Brussels Hoofdstedelijk Gewest,Region Brüssel-Hauptstadt,OTHER,265,5.0,23256.95,23256.95,23256.95,280.0,385.0,444.0
5316,4000,Région de Bruxelles-Capitale,Brussels Hoofdstedelijk Gewest,Region Brüssel-Hauptstadt,OTHER,402,11.0,112500.0,2612500.0,5112500.0,805.0,985.0,1891.0
5321,4000,Région de Bruxelles-Capitale,Brussels Hoofdstedelijk Gewest,Region Brüssel-Hauptstadt,OTHER,407,56.0,100000.0,400000.0,1140650.0,73.0,110.0,160.0
5481,4000,Région de Bruxelles-Capitale,Brussels Hoofdstedelijk Gewest,Region Brüssel-Hauptstadt,PARTAGE,200,24.0,360000.0,800000.0,960000.0,112.5,195.0,270.5
5727,4000,Région de Bruxelles-Capitale,Brussels Hoofdstedelijk Gewest,Region Brüssel-Hauptstadt,SUCCNALAT,200,75.0,355000.0,490000.0,585000.0,125.0,163.0,215.0
5907,4000,Région de Bruxelles-Capitale,Brussels Hoofdstedelijk Gewest,Region Brüssel-Hauptstadt,VENTEIMMEUB,4,18.0,148000.0,237750.0,330000.0,167.0,329.0,554.0
5917,4000,Région de Bruxelles-Capitale,Brussels Hoofdstedelijk Gewest,Region Brüssel-Hauptstadt,VENTEIMMEUB,17,15.0,2150000.0,2150000.0,2150000.0,380.0,590.0,1112.0
5955,4000,Région de Bruxelles-Capitale,Brussels Hoofdstedelijk Gewest,Region Brüssel-Hauptstadt,VENTEIMMEUB,70,28.0,15000.0,210000.0,507000.0,94.0,245.5,422.5
5963,4000,Région de Bruxelles-Capitale,Brussels Hoofdstedelijk Gewest,Region Brüssel-Hauptstadt,VENTEIMMEUB,78,29.0,185000.0,275000.0,460000.0,187.0,267.0,378.0
5969,4000,Région de Bruxelles-Capitale,Brussels Hoofdstedelijk Gewest,Region Brüssel-Hauptstadt,VENTEIMMEUB,164,5.0,490000.0,490000.0,490000.0,100.0,110.0,225.0
5973,4000,Région de Bruxelles-Capitale,Brussels Hoofdstedelijk Gewest,Region Brüssel-Hauptstadt,VENTEIMMEUB,200,777.0,369500.0,496500.0,708000.0,105.0,159.0,235.0
5977,4000,Région de Bruxelles-Capitale,Brussels Hoofdstedelijk Gewest,Region Brüssel-Hauptstadt,VENTEIMMEUB,204,22.0,40000.0,155000.0,340000.0,19.0,25.0,120.0
5982,4000,Région de Bruxelles-Capitale,Brussels Hoofdstedelijk Gewest,Region Brüssel-Hauptstadt,VENTEIMMEUB,222,44.0,527500.0,755000.0,1430000.0,130.0,180.0,257.0
5993,4000,Région de Bruxelles-Capitale,Brussels Hoofdstedelijk Gewest,Region Brüssel-Hauptstadt,VENTEIMMEUB,261,7.0,425000.0,674500.0,1099500.0,182.0,380.0,1822.0
5997,4000,Région de Bruxelles-Capitale,Brussels Hoofdstedelijk Gewest,Region Brüssel-Hauptstadt,VENTEIMMEUB,265,13.0,325000.0,370000.0,1000000.0,150.0,310.0,582.0
6040,4000,Région de Bruxelles-Capitale,Brussels Hoofdstedelijk Gewest,Region Brüssel-Hauptstadt,VENTEIMMEUB,371,10.0,352500.0,1236000.0,3836000.0,168.0,476.0,1218.0
6054,4000,Région de Bruxelles-Capitale,Brussels Hoofdstedelijk Gewest,Region Brüssel-Hauptstadt,VENTEIMMEUB,402,14.0,1200000.0,5330000.0,9416202.0,750.0,1007.0,2078.0
6059,4000,Région de Bruxelles-Capitale,Brussels Hoofdstedelijk Gewest,Region Brüssel-Hauptstadt,VENTEIMMEUB,407,112.0,359500.0,457781.99,837500.0,80.0,120.0,208.5
6134,4000,Région de Bruxelles-Capitale,Brussels Hoofdstedelijk Gewest,Region Brüssel-Hauptstadt,VENTEIMMEUB,539,9.0,40000.0,303334.68,790000.0,108.0,161.0,414.0
6219,4000,Région de Bruxelles-Capitale,Brussels Hoofdstedelijk Gewest,Region Brüssel-Hauptstadt,VENTEPUBIMMEUB,200,24.0,357000.0,531000.0,700000.0,77.5,143.0,257.0
6305,4000,Région de Bruxelles-Capitale,Brussels Hoofdstedelijk Gewest,Region Brüssel-Hauptstadt,VENTEPUBIMMEUB,407,8.0,356000.0,601000.0,1010000.0,97.5,174.5,195.5
6399,4000,Région de Bruxelles-Capitale,Brussels Hoofdstedelijk Gewest,Region Brüssel-Hauptstadt,TOTAL,4,45.0,148000.0,237750.0,330000.0,163.0,360.0,530.0
6409,4000,Région de Bruxelles-Capitale,Brussels Hoofdstedelijk Gewest,Region Brüssel-Hauptstadt,TOTAL,17,39.0,2150000.0,2150000.0,2150000.0,380.0,532.0,1002.0
6447,4000,Région de Bruxelles-Capitale,Brussels Hoofdstedelijk Gewest,Region Brüssel-Hauptstadt,TOTAL,70,57.0,15000.0,210000.0,507000.0,106.0,300.0,678.0
6455,4000,Région de Bruxelles-Capitale,Brussels Hoofdstedelijk Gewest,Region Brüssel-Hauptstadt,TOTAL,78,57.0,220000.0,282000.0,460000.0,176.0,302.0,567.0
6461,4000,Région de Bruxelles-Capitale,Brussels Hoofdstedelijk Gewest,Region Brüssel-Hauptstadt,TOTAL,164,35.0,60000.0,162500.0,490000.0,138.0,225.0,600.0
6465,4000,Région de Bruxelles-Capitale,Brussels Hoofdstedelijk Gewest,Region Brüssel-Hauptstadt,TOTAL,200,1723.0,345000.0,465000.0,660000.0,110.0,165.0,244.0
6469,4000,Région de Bruxelles-Capitale,Brussels Hoofdstedelijk Gewest,Region Brüssel-Hauptstadt,TOTAL,204,40.0,40000.0,140000.0,340000.0,20.0,29.5,247.5
6474,4000,Région de Bruxelles-Capitale,Brussels Hoofdstedelijk Gewest,Region Brüssel-Hauptstadt,TOTAL,222,144.0,477500.0,644500.0,1162500.0,150.0,209.0,361.5
6485,4000,Région de Bruxelles-Capitale,Brussels Hoofdstedelijk Gewest,Region Brüssel-Hauptstadt,TOTAL,261,7.0,425000.0,674500.0,1099500.0,182.0,380.0,1822.0
6489,4000,Région de Bruxelles-Capitale,Brussels Hoofdstedelijk Gewest,Region Brüssel-Hauptstadt,TOTAL,265,23.0,259500.0,370000.0,1000000.0,150.0,310.0,444.0
6532,4000,Région de Bruxelles-Capitale,Brussels Hoofdstedelijk Gewest,Region Brüssel-Hauptstadt,TOTAL,371,18.0,400000.0,415000.0,2072000.0,168.0,430.0,1218.0
6546,4000,Région de Bruxelles-Capitale,Brussels Hoofdstedelijk Gewest,Region Brüssel-Hauptstadt,TOTAL,402,27.0,1182500.0,4506250.0,9293101.0,750.0,999.0,2078.0
6551,4000,Région de Bruxelles-Capitale,Brussels Hoofdstedelijk Gewest,Region Brüssel-Hauptstadt,TOTAL,407,229.0,355000.0,455000.0,825000.0,76.0,120.0,190.0
6576,4000,Région de Bruxelles-Capitale,Brussels Hoofdstedelijk Gewest,Region Brüssel-Hauptstadt,TOTAL,441,5.0,400000.0,500000.0,825000.0,269.0,285.0,2158.0
6626,4000,Région de Bruxelles-Capitale,Brussels Hoofdstedelijk Gewest,Region Brüssel-Hauptstadt,TOTAL,539,15.0,40000.0,401667.34,790000.0,108.0,224.0,782.0
6642,2000,Région flamande,Vlaams Gewest,Flämische Region,CESSION,I,989.0,4788.04,15000.0,40000.0,1455.0,3230.0,6100.0
6643,2000,Région flamande,Vlaams Gewest,Flämische Region,CESSION,II,7.0,5666.67,16449.405,27232.14,957.0,1307.0,2680.0
6646,2000,Région flamande,Vlaams Gewest,Flämische Region,CESSION,V,622.0,41600.0,122500.0,220000.0,77.0,461.5,1146.0
6647,2000,Région flamande,Vlaams Gewest,Flämische Region,CESSION,VI,2910.0,87643.85,185000.0,300000.0,210.0,450.0,843.0
6648,2000,Région flamande,Vlaams Gewest,Flämische Region,CESSION,VII,66.0,32000.0,115000.0,290000.0,742.0,2127.0,4016.0
6649,2000,Région flamande,Vlaams Gewest,Flämische Region,CESSION,VIII,29.0,153500.0,312500.0,1225000.0,370.0,1113.5,2711.0
6652,2000,Région flamande,Vlaams Gewest,Flämische Region,CESSION,XI,94.0,100000.0,185000.0,300000.0,160.0,315.0,634.0
6654,2000,Région flamande,Vlaams Gewest,Flämische Region,CESSION,XIII,7.0,65000.0,65000.0,65000.0,383.0,749.0,1881.0
6656,2000,Région flamande,Vlaams Gewest,Flämische Region,CESSION,XV,13.0,20000.0,27500.0,100000.0,155.0,937.0,1438.0
6658,2000,Région flamande,Vlaams Gewest,Flämische Region,CESSION,XVII,90.0,15850.0,125764.98,427746.74,108.0,595.0,2052.0
6665,2000,Région flamande,Vlaams Gewest,Flämische Region,COMMUNAUTE,VI,7819.0,7827.75,7827.75,7827.75,248.0,499.0,876.0
6678,2000,Région flamande,Vlaams Gewest,Flämische Region,DONATIMMEUB,I,3287.0,12500.0,60839.75,167310.0,1955.0,3961.0,7750.0
6681,2000,Région flamande,Vlaams Gewest,Flämische Region,DONATIMMEUB,IV,73.0,1880.0,276430.0,725000.0,287.0,520.0,945.0
6682,2000,Région flamande,Vlaams Gewest,Flämische Region,DONATIMMEUB,V,760.0,112500.0,160000.0,220000.0,432.0,734.0,1163.0
6683,2000,Région flamande,Vlaams Gewest,Flämische Region,DONATIMMEUB,VI,5302.0,180000.0,275000.0,350000.0,263.0,600.0,1051.0
6684,2000,Région flamande,Vlaams Gewest,Flämische Region,DONATIMMEUB,VII,227.0,230000.0,300000.0,450000.0,580.0,1824.0,4525.0
6685,2000,Région flamande,Vlaams Gewest,Flämische Region,DONATIMMEUB,VIII,16.0,519399.37,589173.5,750000.0,437.5,1060.5,2935.5
6688,2000,Région flamande,Vlaams Gewest,Flämische Region,DONATIMMEUB,XI,148.0,168900.0,265000.0,400000.0,139.0,293.0,631.5
6692,2000,Région flamande,Vlaams Gewest,Flämische Region,DONATIMMEUB,XV,35.0,22000.0,60000.0,90000.0,223.0,1359.0,2607.0
6694,2000,Région flamande,Vlaams Gewest,Flämische Region,DONATIMMEUB,XVII,94.0,133000.0,175000.0,280000.0,247.0,991.0,2550.0
6695,2000,Région flamande,Vlaams Gewest,Flämische Region,DONATIMMEUB,XVIII,22.0,395517.0,537758.5,680000.0,217.0,375.0,536.0
6696,2000,Région flamande,Vlaams Gewest,Flämische Region,OTHER,I,1192.0,7500.0,16537.5,55050.0,1095.0,2785.0,6085.0
6698,2000,Région flamande,Vlaams Gewest,Flämische Region,OTHER,III,20.0,25000.0,25000.0,25000.0,24.0,1068.0,3094.0
6700,2000,Région flamande,Vlaams Gewest,Flämische Region,OTHER,V,2090.0,2475.0,28900.0,150000.0,226.0,460.0,910.0
6701,2000,Région flamande,Vlaams Gewest,Flämische Region,OTHER,VI,5201.0,105000.0,230000.0,350000.0,230.0,466.0,893.0
6702,2000,Région flamande,Vlaams Gewest,Flämische Region,OTHER,VII,133.0,13125.0,50000.0,351669.6,923.0,1914.0,4690.0
6703,2000,Région flamande,Vlaams Gewest,Flämische Region,OTHER,VIII,77.0,80000.0,593100.0,1520000.0,916.0,3474.0,8857.0
6705,2000,Région flamande,Vlaams Gewest,Flämische Region,OTHER,X,23.0,100000.0,136962.3,173924.6,3529.0,5706.5,8212.0
6706,2000,Région flamande,Vlaams Gewest,Flämische Region,OTHER,XI,345.0,150000.0,276957.855,800000.0,199.0,384.5,838.5
6707,2000,Région flamande,Vlaams Gewest,Flämische Region,OTHER,XII,24.0,50.0,433920.6,16502904.11,1685.5,5025.0,10956.0
6708,2000,Région flamande,Vlaams Gewest,Flämische Region,OTHER,XIII,83.0,225000.0,500000.0,1833556.0,510.0,2061.0,3632.0
6709,2000,Région flamande,Vlaams Gewest,Flämische Region,OTHER,XIV,14.0,1623.55,1623.55,1623.55,60.0,335.0,1149.0
6710,2000,Région flamande,Vlaams Gewest,Flämische Region,OTHER,XV,47.0,71750.0,145200.0,163098.985,260.0,753.0,1735.0
6712,2000,Région flamande,Vlaams Gewest,Flämische Region,OTHER,XVII,324.0,6250.0,27500.0,240000.0,71.5,745.0,3270.0
6713,2000,Région flamande,Vlaams Gewest,Flämische Region,OTHER,XVIII,268.0,152500.0,170000.0,415000.0,260.0,649.5,1529.0
6714,2000,Région flamande,Vlaams Gewest,Flämische Region,PARTAGE,I,468.0,3710.0,25000.0,46400.0,1440.0,3380.0,6705.0
6718,2000,Région flamande,Vlaams Gewest,Flämische Region,PARTAGE,V,136.0,60000.0,115000.0,240000.0,404.5,647.0,1049.5
6719,2000,Région flamande,Vlaams Gewest,Flämische Region,PARTAGE,VI,786.0,151500.0,250000.0,340000.0,304.0,555.0,877.5
6720,2000,Région flamande,Vlaams Gewest,Flämische Region,PARTAGE,VII,21.0,113000.0,131500.0,150000.0,612.0,1640.0,2881.0
6724,2000,Région flamande,Vlaams Gewest,Flämische Region,PARTAGE,XI,20.0,80888.83,216000.0,310000.0,214.0,324.0,370.0
6730,2000,Région flamande,Vlaams Gewest,Flämische Region,PARTAGE,XVII,20.0,800.0,23000.0,135717.1,642.0,1177.5,2093.5
6732,2000,Région flamande,Vlaams Gewest,Flämische Region,SUCCNALAT,I,1361.0,5350.0,12250.0,18540.0,1294.0,2915.0,5489.0
6736,2000,Région flamande,Vlaams Gewest,Flämische Region,SUCCNALAT,V,161.0,165000.0,180000.0,195000.0,321.0,597.0,950.0
6737,2000,Région flamande,Vlaams Gewest,Flämische Region,SUCCNALAT,VI,2440.0,187500.0,240000.0,320000.0,215.0,428.0,800.0
6746,2000,Région flamande,Vlaams Gewest,Flämische Region,SUCCNALAT,XV,10.0,50000.0,50000.0,50000.0,103.0,1566.0,2664.0
6750,2000,Région flamande,Vlaams Gewest,Flämische Region,VENTEIMMEUB,I,5747.0,10500.0,25000.0,75000.0,1218.0,2860.0,5700.0
6751,2000,Région flamande,Vlaams Gewest,Flämische Region,VENTEIMMEUB,II,60.0,27570.5,33148.0,85000.0,807.0,2458.0,4369.5
6752,2000,Région flamande,Vlaams Gewest,Flämische Region,VENTEIMMEUB,III,29.0,250000.0,548850.0,800000.0,941.0,2932.0,4355.0
6753,2000,Région flamande,Vlaams Gewest,Flämische Region,VENTEIMMEUB,IV,420.0,2700.0,7000.0,232500.0,127.5,386.5,925.5
6754,2000,Région flamande,Vlaams Gewest,Flämische Region,VENTEIMMEUB,V,6395.0,58128.495,200000.0,324850.0,167.0,357.0,658.0
6755,2000,Région flamande,Vlaams Gewest,Flämische Region,VENTEIMMEUB,VI,36585.0,173000.0,250000.0,350000.0,165.0,344.0,708.0
6756,2000,Région flamande,Vlaams Gewest,Flämische Region,VENTEIMMEUB,VII,342.0,106200.0,245000.0,375000.0,461.0,1280.0,3508.0
6757,2000,Région flamande,Vlaams Gewest,Flämische Region,VENTEIMMEUB,VIII,113.0,435000.0,700000.0,1424785.0,628.5,1545.0,3191.0
6759,2000,Région flamande,Vlaams Gewest,Flämische Region,VENTEIMMEUB,X,48.0,275000.0,500750.0,1195000.0,947.0,3066.5,5321.0
6760,2000,Région flamande,Vlaams Gewest,Flämische Region,VENTEIMMEUB,XI,1278.0,215000.0,315000.0,460000.0,140.5,297.5,660.5
6761,2000,Région flamande,Vlaams Gewest,Flämische Region,VENTEIMMEUB,XII,6.0,202000.0,495000.0,650000.0,125.0,259.5,476.0
6762,2000,Région flamande,Vlaams Gewest,Flämische Region,VENTEIMMEUB,XIII,44.0,210000.0,425000.0,1050000.0,387.0,1389.5,2581.0
6763,2000,Région flamande,Vlaams Gewest,Flämische Region,VENTEIMMEUB,XIV,19.0,197706.0,295000.0,430000.0,10.0,260.0,990.0
6764,2000,Région flamande,Vlaams Gewest,Flämische Region,VENTEIMMEUB,XV,227.0,16900.0,121609.6,200000.0,221.0,399.0,1338.0
6766,2000,Région flamande,Vlaams Gewest,Flämische Region,VENTEIMMEUB,XVII,1314.0,58250.0,205742.5,420450.53,78.0,380.0,1545.0
6767,2000,Région flamande,Vlaams Gewest,Flämische Region,VENTEIMMEUB,XVIII,51.0,5605.0,54625.0,565000.0,65.0,189.0,472.0
6768,2000,Région flamande,Vlaams Gewest,Flämische Region,VENTEPUBIMMEUB,I,171.0,33000.0,49750.0,89000.0,1730.0,3870.0,7206.0
6772,2000,Région flamande,Vlaams Gewest,Flämische Region,VENTEPUBIMMEUB,V,104.0,109900.0,140500.0,181000.0,414.0,550.5,934.0
6773,2000,Région flamande,Vlaams Gewest,Flämische Region,VENTEPUBIMMEUB,VI,753.0,163000.0,220000.0,301000.0,160.0,316.0,670.0
6774,2000,Région flamande,Vlaams Gewest,Flämische Region,VENTEPUBIMMEUB,VII,15.0,161000.0,264000.0,404500.0,370.0,1229.0,2138.0
6778,2000,Région flamande,Vlaams Gewest,Flämische Region,VENTEPUBIMMEUB,XI,19.0,155000.0,245000.0,361000.0,158.0,321.0,697.0
6782,2000,Région flamande,Vlaams Gewest,Flämische Region,VENTEPUBIMMEUB,XV,6.0,21000.0,72000.0,110000.0,991.0,1311.0,4180.0
6784,2000,Région flamande,Vlaams Gewest,Flämische Region,VENTEPUBIMMEUB,XVII,6.0,121000.0,121000.0,121000.0,311.0,622.5,685.0
6786,2000,Région flamande,Vlaams Gewest,Flämische Region,TOTAL,I,14347.0,10000.0,25000.0,79458.25,1380.0,3139.0,6230.0
6787,2000,Région flamande,Vlaams Gewest,Flämische Region,TOTAL,II,107.0,26026.0,29557.5,40000.0,957.0,2276.0,4300.0
6788,2000,Région flamande,Vlaams Gewest,Flämische Region,TOTAL,III,66.0,230000.0,504000.0,800000.0,826.0,1687.0,4075.0
6789,2000,Région flamande,Vlaams Gewest,Flämische Region,TOTAL,IV,761.0,2700.0,7000.0,302500.0,138.5,360.0,856.0
6790,2000,Région flamande,Vlaams Gewest,Flämische Region,TOTAL,V,11552.0,62500.0,183500.0,312500.0,194.0,420.0,790.0
6791,2000,Région flamande,Vlaams Gewest,Flämische Region,TOTAL,VI,61796.0,167000.0,250000.0,348500.0,196.0,415.0,805.0
6792,2000,Région flamande,Vlaams Gewest,Flämische Region,TOTAL,VII,1036.0,110000.0,245000.0,358000.0,551.0,1567.5,3895.0
6793,2000,Région flamande,Vlaams Gewest,Flämische Region,TOTAL,VIII,258.0,325000.0,650000.0,1245991.855,613.0,1642.0,4127.0
6795,2000,Région flamande,Vlaams Gewest,Flämische Region,TOTAL,X,81.0,197500.0,390750.0,1147500.0,1154.0,3591.0,6595.0
6796,2000,Région flamande,Vlaams Gewest,Flämische Region,TOTAL,XI,2057.0,200000.0,300000.0,450000.0,154.0,328.5,692.0
6797,2000,Région flamande,Vlaams Gewest,Flämische Region,TOTAL,XII,34.0,199333.34,433920.6,650000.0,578.0,2381.5,6065.0
6798,2000,Région flamande,Vlaams Gewest,Flämische Region,TOTAL,XIII,142.0,210000.0,425000.0,1050000.0,503.0,1921.0,3401.0
6799,2000,Région flamande,Vlaams Gewest,Flämische Region,TOTAL,XIV,48.0,10000.0,255000.0,430000.0,14.0,72.5,990.0
6800,2000,Région flamande,Vlaams Gewest,Flämische Region,TOTAL,XV,364.0,22750.0,97250.0,177619.855,220.0,493.0,1520.0
6801,2000,Région flamande,Vlaams Gewest,Flämische Region,TOTAL,XVI,11.0,280000.0,496000.0,712000.0,1084.0,1486.0,3566.0
6802,2000,Région flamande,Vlaams Gewest,Flämische Region,TOTAL,XVII,1966.0,30000.0,195000.0,410000.0,100.0,559.5,2000.0
6803,2000,Région flamande,Vlaams Gewest,Flämische Region,TOTAL,XVIII,389.0,18882.0,282758.5,622500.0,203.0,519.0,1243.0
6804,3000,Région wallonne,Waals Gewest,Wallonische Region,CESSION,I,1666.0,8700.0,18973.12,95000.0,1400.0,2589.0,5600.0
6807,3000,Région wallonne,Waals Gewest,Wallonische Region,CESSION,IV,58.0,3000.0,3000.0,3000.0,125.0,297.5,1046.0
6808,3000,Région wallonne,Waals Gewest,Wallonische Region,CESSION,V,280.0,36000.04,66313.815,90000.0,101.0,658.5,1507.5
6809,3000,Région wallonne,Waals Gewest,Wallonische Region,CESSION,VI,1881.0,145110.0,215000.0,295000.0,208.0,470.0,960.0
6810,3000,Région wallonne,Waals Gewest,Wallonische Region,CESSION,VII,87.0,133455.77,260000.0,375000.0,206.0,528.0,1406.0
6811,3000,Région wallonne,Waals Gewest,Wallonische Region,CESSION,VIII,8.0,11200.0,11200.0,11200.0,57.0,146.0,264.5
6814,3000,Région wallonne,Waals Gewest,Wallonische Region,CESSION,XI,35.0,120000.0,180000.0,280000.0,103.0,221.0,356.0
6817,3000,Région wallonne,Waals Gewest,Wallonische Region,CESSION,XIV,5.0,100000.0,100000.0,100000.0,10.0,10.0,70.0
6818,3000,Région wallonne,Waals Gewest,Wallonische Region,CESSION,XV,19.0,9833.335,30000.0,105500.0,209.0,471.0,1349.0
6820,3000,Région wallonne,Waals Gewest,Wallonische Region,CESSION,XVII,45.0,155598.045,268098.045,685000.0,17.0,101.0,865.0
6821,3000,Région wallonne,Waals Gewest,Wallonische Region,CESSION,XVIII,29.0,800000.0,800000.0,800000.0,370.0,548.0,1206.0
6827,3000,Région wallonne,Waals Gewest,Wallonische Region,COMMUNAUTE,VI,1692.0,145000.0,185000.0,425000.0,225.0,518.0,1030.0
6840,3000,Région wallonne,Waals Gewest,Wallonische Region,DONATIMMEUB,I,4601.0,10000.0,57000.0,90000.0,1660.0,3340.0,7160.0
6843,3000,Région wallonne,Waals Gewest,Wallonische Region,DONATIMMEUB,IV,56.0,10000.0,10000.0,10000.0,125.0,405.5,1056.0
6844,3000,Région wallonne,Waals Gewest,Wallonische Region,DONATIMMEUB,V,479.0,16500.0,60000.0,105000.0,377.0,996.0,1855.0
6845,3000,Région wallonne,Waals Gewest,Wallonische Region,DONATIMMEUB,VI,2727.0,120000.0,175000.0,270000.0,183.0,483.0,941.0
6846,3000,Région wallonne,Waals Gewest,Wallonische Region,DONATIMMEUB,VII,186.0,105000.0,150000.0,250000.0,175.0,560.0,2003.0
6847,3000,Région wallonne,Waals Gewest,Wallonische Region,DONATIMMEUB,VIII,10.0,50000.0,76000.0,325000.0,149.0,164.5,826.0
6850,3000,Région wallonne,Waals Gewest,Wallonische Region,DONATIMMEUB,XI,67.0,150000.0,240000.0,294000.0,143.0,237.0,584.0
6853,3000,Région wallonne,Waals Gewest,Wallonische Region,DONATIMMEUB,XIV,8.0,1000.0,1000.0,1000.0,8.5,16.5,39.5
6854,3000,Région wallonne,Waals Gewest,Wallonische Region,DONATIMMEUB,XV,37.0,51250.0,64615.0,112500.0,92.0,478.0,1340.0
6856,3000,Région wallonne,Waals Gewest,Wallonische Region,DONATIMMEUB,XVII,98.0,60000.0,120000.0,150000.0,121.0,484.0,1325.0
6857,3000,Région wallonne,Waals Gewest,Wallonische Region,DONATIMMEUB,XVIII,26.0,65000.0,65000.0,65000.0,95.0,240.0,1610.0
6858,3000,Région wallonne,Waals Gewest,Wallonische Region,OTHER,I,1659.0,7870.0,19490.0,80000.0,1398.0,3100.0,8520.0
6860,3000,Région wallonne,Waals Gewest,Wallonische Region,OTHER,III,10.0,750.0,750.0,750.0,661.0,1640.5,2210.0
6862,3000,Région wallonne,Waals Gewest,Wallonische Region,OTHER,V,856.0,3200.0,83260.0,315000.0,188.0,717.0,1500.5
6863,3000,Région wallonne,Waals Gewest,Wallonische Region,OTHER,VI,1770.0,120000.0,220000.0,300000.0,179.0,446.0,1010.0
6864,3000,Région wallonne,Waals Gewest,Wallonische Region,OTHER,VII,82.0,25000.0,137500.0,220000.0,282.0,929.5,2296.0
6865,3000,Région wallonne,Waals Gewest,Wallonische Region,OTHER,VIII,18.0,17588.85,17588.85,17588.85,1170.0,3110.0,5153.0
6867,3000,Région wallonne,Waals Gewest,Wallonische Region,OTHER,X,9.0,10000.0,18500.0,27000.0,4709.0,4999.0,9554.0
6868,3000,Région wallonne,Waals Gewest,Wallonische Region,OTHER,XI,129.0,113000.0,200000.0,1150000.0,155.0,397.5,1840.0
6870,3000,Région wallonne,Waals Gewest,Wallonische Region,OTHER,XIII,33.0,270000.0,270000.0,270000.0,812.0,1386.5,3299.0
6871,3000,Région wallonne,Waals Gewest,Wallonische Region,OTHER,XIV,10.0,5.0,5.0,5.0,10.0,228.0,540.0
6872,3000,Région wallonne,Waals Gewest,Wallonische Region,OTHER,XV,22.0,50.0,50.0,50.0,378.0,1248.0,2452.0
6874,3000,Région wallonne,Waals Gewest,Wallonische Region,OTHER,XVII,188.0,10872.28,46277.85,321000.0,54.0,428.0,2513.0
6876,3000,Région wallonne,Waals Gewest,Wallonische Region,PARTAGE,I,1421.0,13000.0,39302.75,65000.0,1610.0,3500.0,7740.0
6877,3000,Région wallonne,Waals Gewest,Wallonische Region,PARTAGE,II,11.0,2500.0,2500.0,2500.0,572.0,1210.0,6700.0
6879,3000,Région wallonne,Waals Gewest,Wallonische Region,PARTAGE,IV,19.0,2000.0,2000.0,2000.0,106.0,230.0,630.0
6880,3000,Région wallonne,Waals Gewest,Wallonische Region,PARTAGE,V,242.0,83230.315,140000.0,256692.0,390.0,1124.5,2510.0
6881,3000,Région wallonne,Waals Gewest,Wallonische Region,PARTAGE,VI,989.0,145000.0,220000.0,320000.0,245.0,555.0,1067.0
6882,3000,Région wallonne,Waals Gewest,Wallonische Region,PARTAGE,VII,58.0,150000.0,160000.0,180000.0,220.0,729.0,1313.0
6886,3000,Région wallonne,Waals Gewest,Wallonische Region,PARTAGE,XI,17.0,140443.83,201043.83,448700.0,155.0,550.0,1678.0
6890,3000,Région wallonne,Waals Gewest,Wallonische Region,PARTAGE,XV,10.0,56000.0,65500.0,75000.0,722.0,997.0,1860.0
6892,3000,Région wallonne,Waals Gewest,Wallonische Region,PARTAGE,XVII,51.0,55000.0,170000.0,418467.55,50.0,430.0,1415.0
6894,3000,Région wallonne,Waals Gewest,Wallonische Region,SUCCNALAT,I,976.0,2190.0,5094.0,12930.0,1579.0,3160.0,6329.0
6897,3000,Région wallonne,Waals Gewest,Wallonische Region,SUCCNALAT,IV,24.0,80.0,96.0,112.0,51.0,155.0,548.5
6898,3000,Région wallonne,Waals Gewest,Wallonische Region,SUCCNALAT,V,65.0,396.0,15000.0,41000.0,205.0,591.0,1236.0
6899,3000,Région wallonne,Waals Gewest,Wallonische Region,SUCCNALAT,VI,1056.0,110000.0,158500.0,220000.0,188.0,400.0,820.0
6900,3000,Région wallonne,Waals Gewest,Wallonische Region,SUCCNALAT,VII,36.0,15000.0,60000.0,155000.0,153.5,525.0,1473.5
6904,3000,Région wallonne,Waals Gewest,Wallonische Region,SUCCNALAT,XI,16.0,90000.0,120000.0,170000.0,287.0,452.0,1022.5
6908,3000,Région wallonne,Waals Gewest,Wallonische Region,SUCCNALAT,XV,13.0,75000.0,90000.0,95000.0,535.0,920.0,1028.0
6912,3000,Région wallonne,Waals Gewest,Wallonische Region,VENTEIMMEUB,I,6619.0,8435.0,34600.0,86500.0,1086.0,2490.0,5230.0
6913,3000,Région wallonne,Waals Gewest,Wallonische Region,VENTEIMMEUB,II,86.0,6000.0,15200.0,60000.0,449.0,1620.0,6999.0
6914,3000,Région wallonne,Waals Gewest,Wallonische Region,VENTEIMMEUB,III,29.0,35000.0,65000.0,347197.8,1645.0,2694.0,5873.0
6915,3000,Région wallonne,Waals Gewest,Wallonische Region,VENTEIMMEUB,IV,285.0,4500.0,29000.0,120000.0,75.0,297.0,858.0
6916,3000,Région wallonne,Waals Gewest,Wallonische Region,VENTEIMMEUB,V,3176.0,35000.0,90000.0,225000.0,204.5,639.0,1238.5
6917,3000,Région wallonne,Waals Gewest,Wallonische Region,VENTEIMMEUB,VI,17782.0,120000.0,180000.0,270000.0,140.0,313.0,720.0
6918,3000,Région wallonne,Waals Gewest,Wallonische Region,VENTEIMMEUB,VII,273.0,105000.0,175000.0,315000.0,102.5,389.5,1059.5
6919,3000,Région wallonne,Waals Gewest,Wallonische Region,VENTEIMMEUB,VIII,62.0,99000.0,158000.0,270000.0,221.0,685.0,2891.0
6921,3000,Région wallonne,Waals Gewest,Wallonische Region,VENTEIMMEUB,X,21.0,250000.0,1000000.0,1360000.0,1583.0,4112.0,17063.0
6922,3000,Région wallonne,Waals Gewest,Wallonische Region,VENTEIMMEUB,XI,661.0,134235.0,200000.0,295000.0,119.0,230.0,602.0
6923,3000,Région wallonne,Waals Gewest,Wallonische Region,VENTEIMMEUB,XII,7.0,250000.0,255000.0,375000.0,312.0,1645.0,3129.0
6924,3000,Région wallonne,Waals Gewest,Wallonische Region,VENTEIMMEUB,XIII,25.0,115000.0,145000.0,300000.0,401.0,720.0,1881.5
6925,3000,Région wallonne,Waals Gewest,Wallonische Region,VENTEIMMEUB,XIV,17.0,140000.0,157500.0,175000.0,45.0,265.0,550.0
6926,3000,Région wallonne,Waals Gewest,Wallonische Region,VENTEIMMEUB,XV,261.0,20500.0,73500.0,136500.0,240.0,415.5,1000.0
6927,3000,Région wallonne,Waals Gewest,Wallonische Region,VENTEIMMEUB,XVI,9.0,365000.0,450000.0,475000.0,522.0,665.0,787.0
6928,3000,Région wallonne,Waals Gewest,Wallonische Region,VENTEIMMEUB,XVII,576.0,40000.0,100000.0,215750.0,49.0,281.0,1119.0
6929,3000,Région wallonne,Waals Gewest,Wallonische Region,VENTEIMMEUB,XVIII,92.0,810.0,29405.0,58000.0,102.0,247.0,929.0
6930,3000,Région wallonne,Waals Gewest,Wallonische Region,VENTEPUBIMMEUB,I,85.0,24000.0,49000.0,102116.25,1026.0,2731.0,8625.0
6934,3000,Région wallonne,Waals Gewest,Wallonische Region,VENTEPUBIMMEUB,V,48.0,27553.57,62000.0,91000.0,387.0,765.0,1311.0
6935,3000,Région wallonne,Waals Gewest,Wallonische Region,VENTEPUBIMMEUB,VI,402.0,91000.0,167000.0,252000.0,144.0,347.0,735.0
6936,3000,Région wallonne,Waals Gewest,Wallonische Region,VENTEPUBIMMEUB,VII,12.0,46000.0,46000.0,46000.0,33.0,199.5,370.0
6940,3000,Région wallonne,Waals Gewest,Wallonische Region,VENTEPUBIMMEUB,XI,15.0,81000.0,127500.0,216000.0,160.0,210.0,390.0
6944,3000,Région wallonne,Waals Gewest,Wallonische Region,VENTEPUBIMMEUB,XV,9.0,77000.0,81000.0,85000.0,234.0,343.0,738.0
6946,3000,Région wallonne,Waals Gewest,Wallonische Region,VENTEPUBIMMEUB,XVII,10.0,21741.17,45000.0,1052000.0,69.0,132.0,973.0
6948,3000,Région wallonne,Waals Gewest,Wallonische Region,TOTAL,I,17683.0,6162.0,20000.0,75000.0,1325.0,2866.0,6267.0
6949,3000,Région wallonne,Waals Gewest,Wallonische Region,TOTAL,II,182.0,5500.0,11600.0,56500.0,559.0,1905.5,6579.0
6950,3000,Région wallonne,Waals Gewest,Wallonische Region,TOTAL,III,52.0,35000.0,65000.0,288000.0,931.5,2080.5,5741.5
6951,3000,Région wallonne,Waals Gewest,Wallonische Region,TOTAL,IV,589.0,2000.0,10000.0,74200.0,94.0,360.0,1240.0
6952,3000,Région wallonne,Waals Gewest,Wallonische Region,TOTAL,V,5413.0,33000.0,85000.0,210000.0,220.0,699.0,1374.0
6953,3000,Région wallonne,Waals Gewest,Wallonische Region,TOTAL,VI,28299.0,120000.0,184500.0,270000.0,160.0,373.0,840.0
6954,3000,Région wallonne,Waals Gewest,Wallonische Region,TOTAL,VII,810.0,89000.0,160000.0,270000.0,155.5,540.0,1516.5
6955,3000,Région wallonne,Waals Gewest,Wallonische Region,TOTAL,VIII,101.0,75500.0,155500.0,280000.0,197.0,740.0,3010.0
6957,3000,Région wallonne,Waals Gewest,Wallonische Region,TOTAL,X,30.0,165790.5,550000.0,1360000.0,1598.0,4740.5,14769.0
6958,3000,Région wallonne,Waals Gewest,Wallonische Region,TOTAL,XI,972.0,130000.0,200000.0,294000.0,123.0,253.5,648.0
6959,3000,Région wallonne,Waals Gewest,Wallonische Region,TOTAL,XII,11.0,250000.0,315000.0,750000.0,367.0,2741.0,3908.0
6960,3000,Région wallonne,Waals Gewest,Wallonische Region,TOTAL,XIII,70.0,115000.0,145000.0,270000.0,401.0,1224.0,2642.5
6961,3000,Région wallonne,Waals Gewest,Wallonische Region,TOTAL,XIV,46.0,1000.0,100000.0,140000.0,10.0,60.5,430.0
6962,3000,Région wallonne,Waals Gewest,Wallonische Region,TOTAL,XV,381.0,23000.0,75000.0,120000.0,239.0,473.0,1080.0
6963,3000,Région wallonne,Waals Gewest,Wallonische Region,TOTAL,XVI,13.0,365000.0,450000.0,475000.0,522.0,750.0,2375.0
6964,3000,Région wallonne,Waals Gewest,Wallonische Region,TOTAL,XVII,1026.0,40000.0,105000.0,215750.0,52.0,316.0,1304.5
6965,3000,Région wallonne,Waals Gewest,Wallonische Region,TOTAL,XVIII,241.0,29405.0,61500.0,432500.0,151.0,449.0,1442.5
6971,4000,Région de Bruxelles-Capitale,Brussels Hoofdstedelijk Gewest,Region Brüssel-Hauptstadt,CESSION,VI,721.0,245000.0,360000.0,550000.0,110.0,174.0,262.0
6976,4000,Région de Bruxelles-Capitale,Brussels Hoofdstedelijk Gewest,Region Brüssel-Hauptstadt,CESSION,XI,26.0,251652.5,397500.0,725000.0,62.5,105.0,166.0
7006,4000,Région de Bruxelles-Capitale,Brussels Hoofdstedelijk Gewest,Region Brüssel-Hauptstadt,DONATIMMEUB,V,5.0,238000.0,275825.0,313650.0,378.0,505.0,2149.0
7007,4000,Région de Bruxelles-Capitale,Brussels Hoofdstedelijk Gewest,Region Brüssel-Hauptstadt,DONATIMMEUB,VI,1191.0,180000.0,300000.0,455000.0,120.0,188.0,304.0
7012,4000,Région de Bruxelles-Capitale,Brussels Hoofdstedelijk Gewest,Region Brüssel-Hauptstadt,DONATIMMEUB,XI,31.0,325000.0,465000.0,650000.0,74.5,130.0,165.0
7018,4000,Région de Bruxelles-Capitale,Brussels Hoofdstedelijk Gewest,Region Brüssel-Hauptstadt,DONATIMMEUB,XVII,5.0,415000.0,415000.0,415000.0,533.0,1362.0,5300.0
7025,4000,Région de Bruxelles-Capitale,Brussels Hoofdstedelijk Gewest,Region Brüssel-Hauptstadt,OTHER,VI,760.0,237559.375,318349.245,512500.0,119.0,179.0,270.0
7027,4000,Région de Bruxelles-Capitale,Brussels Hoofdstedelijk Gewest,Region Brüssel-Hauptstadt,OTHER,VIII,9.0,23256.95,23256.95,23256.95,385.0,468.0,525.0
7030,4000,Région de Bruxelles-Capitale,Brussels Hoofdstedelijk Gewest,Region Brüssel-Hauptstadt,OTHER,XI,76.0,106250.0,770325.0,1490366.1,82.0,130.0,337.0
7037,4000,Région de Bruxelles-Capitale,Brussels Hoofdstedelijk Gewest,Region Brüssel-Hauptstadt,OTHER,XVIII,60.0,10000.0,60000.0,103474.9,193.0,443.0,984.0
7043,4000,Région de Bruxelles-Capitale,Brussels Hoofdstedelijk Gewest,Region Brüssel-Hauptstadt,PARTAGE,VI,210.0,184640.0,360000.0,835000.0,110.0,192.0,267.0
7061,4000,Région de Bruxelles-Capitale,Brussels Hoofdstedelijk Gewest,Region Brüssel-Hauptstadt,SUCCNALAT,VI,195.0,210000.0,270000.0,490000.0,130.0,174.0,235.0
7074,4000,Région de Bruxelles-Capitale,Brussels Hoofdstedelijk Gewest,Region Brüssel-Hauptstadt,VENTEIMMEUB,I,9.0,50000.0,50000.0,50000.0,477.0,850.0,1870.0
7075,4000,Région de Bruxelles-Capitale,Brussels Hoofdstedelijk Gewest,Region Brüssel-Hauptstadt,VENTEIMMEUB,II,15.0,2150000.0,2150000.0,2150000.0,380.0,590.0,1112.0
7077,4000,Région de Bruxelles-Capitale,Brussels Hoofdstedelijk Gewest,Region Brüssel-Hauptstadt,VENTEIMMEUB,IV,6.0,935000.0,935000.0,935000.0,148.0,845.0,1199.0
7078,4000,Région de Bruxelles-Capitale,Brussels Hoofdstedelijk Gewest,Region Brüssel-Hauptstadt,VENTEIMMEUB,V,58.0,30600.0,275000.0,460000.0,117.0,264.0,384.0
7079,4000,Région de Bruxelles-Capitale,Brussels Hoofdstedelijk Gewest,Region Brüssel-Hauptstadt,VENTEIMMEUB,VI,7667.0,159000.0,245000.0,390000.0,105.0,160.0,240.0
7081,4000,Région de Bruxelles-Capitale,Brussels Hoofdstedelijk Gewest,Region Brüssel-Hauptstadt,VENTEIMMEUB,VIII,14.0,325000.0,465000.0,1000000.0,150.0,319.5,611.0
7084,4000,Région de Bruxelles-Capitale,Brussels Hoofdstedelijk Gewest,Region Brüssel-Hauptstadt,VENTEIMMEUB,XI,235.0,310000.0,478750.0,910000.0,90.0,151.0,290.0
7090,4000,Région de Bruxelles-Capitale,Brussels Hoofdstedelijk Gewest,Region Brüssel-Hauptstadt,VENTEIMMEUB,XVII,49.0,180000.0,380000.0,1100000.0,142.0,325.0,790.0
7091,4000,Région de Bruxelles-Capitale,Brussels Hoofdstedelijk Gewest,Region Brüssel-Hauptstadt,VENTEIMMEUB,XVIII,7.0,490000.0,490000.0,490000.0,100.0,167.5,335.0
7097,4000,Région de Bruxelles-Capitale,Brussels Hoofdstedelijk Gewest,Region Brüssel-Hauptstadt,VENTEPUBIMMEUB,VI,88.0,155000.0,280000.0,450000.0,80.0,146.0,304.0
7102,4000,Région de Bruxelles-Capitale,Brussels Hoofdstedelijk Gewest,Region Brüssel-Hauptstadt,VENTEPUBIMMEUB,XI,8.0,356000.0,601000.0,1010000.0,97.5,174.5,195.5
7110,4000,Région de Bruxelles-Capitale,Brussels Hoofdstedelijk Gewest,Region Brüssel-Hauptstadt,TOTAL,I,18.0,50000.0,50000.0,50000.0,477.0,801.0,2080.0
7111,4000,Région de Bruxelles-Capitale,Brussels Hoofdstedelijk Gewest,Region Brüssel-Hauptstadt,TOTAL,II,39.0,2150000.0,2150000.0,2150000.0,380.0,532.0,1002.0
7113,4000,Région de Bruxelles-Capitale,Brussels Hoofdstedelijk Gewest,Region Brüssel-Hauptstadt,TOTAL,IV,22.0,935000.0,935000.0,935000.0,81.0,325.0,1199.0
7114,4000,Région de Bruxelles-Capitale,Brussels Hoofdstedelijk Gewest,Region Brüssel-Hauptstadt,TOTAL,V,117.0,62800.0,275000.0,483500.0,140.0,302.0,678.0
7115,4000,Région de Bruxelles-Capitale,Brussels Hoofdstedelijk Gewest,Region Brüssel-Hauptstadt,TOTAL,VI,11340.0,165000.0,262000.0,416000.0,110.0,170.0,260.0
7117,4000,Région de Bruxelles-Capitale,Brussels Hoofdstedelijk Gewest,Region Brüssel-Hauptstadt,TOTAL,VIII,28.0,292250.0,465000.0,825000.0,175.5,329.0,553.5
7120,4000,Région de Bruxelles-Capitale,Brussels Hoofdstedelijk Gewest,Region Brüssel-Hauptstadt,TOTAL,XI,386.0,320000.0,472500.0,920000.0,81.0,135.0,243.0
7122,4000,Région de Bruxelles-Capitale,Brussels Hoofdstedelijk Gewest,Region Brüssel-Hauptstadt,TOTAL,XIII,11.0,450000.0,650000.0,812500.0,269.0,714.0,1780.0
7126,4000,Région de Bruxelles-Capitale,Brussels Hoofdstedelijk Gewest,Region Brüssel-Hauptstadt,TOTAL,XVII,110.0,180000.0,400000.0,1100000.0,239.0,773.5,3492.0
7127,4000,Région de Bruxelles-Capitale,Brussels Hoofdstedelijk Gewest,Region Brüssel-Hauptstadt,TOTAL,XVIII,75.0,10000.0,81737.45,162500.0,175.0,335.0,771.0
7128,2000,Région flamande,Vlaams Gewest,Flämische Region,CESSION,TOTAL,4920.0,70000.0,170000.0,295000.0,240.0,650.0,1773.0
7129,2000,Région flamande,Vlaams Gewest,Flämische Region,COMMUNAUTE,TOTAL,10750.0,7827.75,7827.75,7827.75,276.0,566.0,1053.5
7130,2000,Région flamande,Vlaams Gewest,Flämische Region,DONATIMMEUB,TOTAL,9991.0,160000.0,259175.0,350000.0,467.0,1137.0,3564.0
7131,2000,Région flamande,Vlaams Gewest,Flämische Region,OTHER,TOTAL,9954.0,63259.705,200000.0,347500.0,262.0,576.0,1435.0
7132,2000,Région flamande,Vlaams Gewest,Flämische Region,PARTAGE,TOTAL,1462.0,120000.0,240000.0,330000.0,448.0,912.0,2881.0
7133,2000,Région flamande,Vlaams Gewest,Flämische Region,SUCCNALAT,TOTAL,4176.0,165000.0,210000.0,310000.0,312.0,791.0,2311.0
7134,2000,Région flamande,Vlaams Gewest,Flämische Region,VENTEIMMEUB,TOTAL,52685.0,146000.0,239000.0,345000.0,192.0,452.0,1121.0
7135,2000,Région flamande,Vlaams Gewest,Flämische Region,VENTEPUBIMMEUB,TOTAL,1082.0,151000.0,205000.0,294000.0,207.0,493.0,1130.0
7136,2000,Région flamande,Vlaams Gewest,Flämische Region,TOTAL,TOTAL,95020.0,144827.59,235000.0,340000.0,237.0,569.0,1441.0
7137,3000,Région wallonne,Waals Gewest,Wallonische Region,CESSION,TOTAL,4127.0,125000.0,200500.0,290000.0,330.0,1020.0,2590.0
7138,3000,Région wallonne,Waals Gewest,Wallonische Region,COMMUNAUTE,TOTAL,2845.0,145000.0,185000.0,425000.0,286.0,765.0,1660.0
7139,3000,Région wallonne,Waals Gewest,Wallonische Region,DONATIMMEUB,TOTAL,8334.0,90000.0,150000.0,250000.0,560.0,1760.0,4600.0
7140,3000,Région wallonne,Waals Gewest,Wallonische Region,OTHER,TOTAL,5004.0,59000.0,200000.0,300000.0,310.0,1059.0,3160.0
7141,3000,Région wallonne,Waals Gewest,Wallonische Region,PARTAGE,TOTAL,2834.0,120000.0,202000.0,303000.0,545.0,1560.0,4326.0
7142,3000,Région wallonne,Waals Gewest,Wallonische Region,SUCCNALAT,TOTAL,2206.0,7065.0,90000.0,175000.0,326.0,1010.0,3140.0
7143,3000,Région wallonne,Waals Gewest,Wallonische Region,VENTEIMMEUB,TOTAL,29982.0,89907.5,165000.0,255000.0,200.0,615.0,1750.0
7144,3000,Région wallonne,Waals Gewest,Wallonische Region,VENTEPUBIMMEUB,TOTAL,589.0,81000.0,139000.0,235500.0,183.0,451.0,1180.0
7145,3000,Région wallonne,Waals Gewest,Wallonische Region,TOTAL,TOTAL,55921.0,89000.0,165000.0,258500.0,266.0,875.0,2560.0
7146,4000,Région de Bruxelles-Capitale,Brussels Hoofdstedelijk Gewest,Region Brüssel-Hauptstadt,CESSION,TOTAL,768.0,245000.0,360000.0,550000.0,105.0,174.0,263.0
7148,4000,Région de Bruxelles-Capitale,Brussels Hoofdstedelijk Gewest,Region Brüssel-Hauptstadt,DONATIMMEUB,TOTAL,1252.0,184000.0,300000.0,473750.0,120.0,190.0,319.0
7149,4000,Région de Bruxelles-Capitale,Brussels Hoofdstedelijk Gewest,Region Brüssel-Hauptstadt,OTHER,TOTAL,1026.0,162500.0,297500.0,550000.0,124.5,223.5,679.5
7150,4000,Région de Bruxelles-Capitale,Brussels Hoofdstedelijk Gewest,Region Brüssel-Hauptstadt,PARTAGE,TOTAL,219.0,192320.0,422500.0,850000.0,110.0,204.0,307.0
7151,4000,Région de Bruxelles-Capitale,Brussels Hoofdstedelijk Gewest,Region Brüssel-Hauptstadt,SUCCNALAT,TOTAL,202.0,210000.0,270000.0,490000.0,125.0,177.0,253.0
7152,4000,Région de Bruxelles-Capitale,Brussels Hoofdstedelijk Gewest,Region Brüssel-Hauptstadt,VENTEIMMEUB,TOTAL,8067.0,163600.0,251000.0,410000.0,105.0,165.0,269.0
7153,4000,Région de Bruxelles-Capitale,Brussels Hoofdstedelijk Gewest,Region Brüssel-Hauptstadt,VENTEPUBIMMEUB,TOTAL,101.0,158000.0,288000.0,522000.0,85.0,161.5,304.0
7154,4000,Région de Bruxelles-Capitale,Brussels Hoofdstedelijk Gewest,Region Brüssel-Hauptstadt,TOTAL,TOTAL,12161.0,169000.0,272000.0,440000.0,110.0,175.0,310.0
